<application>
  <component name="KeyPromoterXStatistic">
    <option name="statistics">
      <Statistic Action="Back">
        <Item>
          <IdeaActionID>Back</IdeaActionID>
          <ShortCut>'⌥⌘←'</ShortCut>
          <Description>Back</Description>
          <Count>21</Count>
        </Item>
      </Statistic>
      <Statistic Action="Browse Type Hierarchy">
        <Item>
          <IdeaActionID>TypeHierarchy</IdeaActionID>
          <ShortCut>'⌃H'</ShortCut>
          <Description>Browse Type Hierarchy</Description>
          <Count>1</Count>
        </Item>
      </Statistic>
      <Statistic Action="Class...">
        <Item>
          <IdeaActionID>GotoClass</IdeaActionID>
          <ShortCut>'⌘N'</ShortCut>
          <Description>Class...</Description>
          <Count>1</Count>
        </Item>
      </Statistic>
      <Statistic Action="Column Selection Mode">
        <Item>
          <IdeaActionID>EditorToggleColumnMode</IdeaActionID>
          <ShortCut>'⇧⌘8' or '⇧⌘⌨ *'</ShortCut>
          <Description>Column Selection Mode</Description>
          <Count>2</Count>
        </Item>
      </Statistic>
      <Statistic Action="Copy">
        <Item>
          <IdeaActionID>$Copy</IdeaActionID>
          <ShortCut>'⌘C'</ShortCut>
          <Description>Copy</Description>
          <Count>55</Count>
        </Item>
      </Statistic>
      <Statistic Action="Copy Path">
        <Item>
          <IdeaActionID>CopyPaths</IdeaActionID>
          <ShortCut>'⇧⌘C'</ShortCut>
          <Description>Copy Path</Description>
          <Count>4</Count>
        </Item>
      </Statistic>
      <Statistic Action="Copy Reference">
        <Item>
          <IdeaActionID>CopyReference</IdeaActionID>
          <ShortCut>'⌥⇧⌘C'</ShortCut>
          <Description>Copy Reference</Description>
          <Count>1</Count>
        </Item>
      </Statistic>
      <Statistic Action="Copy...">
        <Item>
          <IdeaActionID>CopyElement</IdeaActionID>
          <ShortCut>'F5'</ShortCut>
          <Description>Copy...</Description>
          <Count>1</Count>
        </Item>
      </Statistic>
      <Statistic Action="Debug 'ACHTransactionServiceTest'">
        <Item>
          <IdeaActionID>Debug</IdeaActionID>
          <ShortCut>'⇧F9'</ShortCut>
          <Description>Debug 'ACHTransactionServiceTest'</Description>
          <Count>1</Count>
        </Item>
      </Statistic>
      <Statistic Action="Debug 'ACHTransactionServiceTest.handleAchFailure (1)'">
        <Item>
          <IdeaActionID>Debug</IdeaActionID>
          <ShortCut>'⇧F9'</ShortCut>
          <Description>Debug 'ACHTransactionServiceTest.handleAchFailure (1)'</Description>
          <Count>4</Count>
        </Item>
      </Statistic>
      <Statistic Action="Debug 'Angular CLI Server (enrollment-ui)'">
        <Item>
          <IdeaActionID>Debug</IdeaActionID>
          <ShortCut>'⇧F9'</ShortCut>
          <Description>Debug 'Angular CLI Server (enrollment-ui)'</Description>
          <Count>1</Count>
        </Item>
      </Statistic>
      <Statistic Action="Debug 'BaseIntervalProgressRuleExecutorTest (1)'">
        <Item>
          <IdeaActionID>Debug</IdeaActionID>
          <ShortCut>'⇧F9'</ShortCut>
          <Description>Debug 'BaseIntervalProgressRuleExecutorTest (1)'</Description>
          <Count>5</Count>
        </Item>
      </Statistic>
      <Statistic Action="Debug 'BaseIntervalProgressRuleExecutorTest'">
        <Item>
          <IdeaActionID>DebugClass</IdeaActionID>
          <ShortCut>'⌃⇧F9'</ShortCut>
          <Description>Debug 'BaseIntervalProgressRuleExecutorTest'</Description>
          <Count>5</Count>
        </Item>
      </Statistic>
      <Statistic Action="Debug 'CompleteACardIntervalRuleExecutorTest'">
        <Item>
          <IdeaActionID>DebugClass</IdeaActionID>
          <ShortCut>'⌃⇧F9'</ShortCut>
          <Description>Debug 'CompleteACardIntervalRuleExecutorTest'</Description>
          <Count>1</Count>
        </Item>
      </Statistic>
      <Statistic Action="Debug 'CompleteACardIntervalRuleExecutorTest,e…dable, trophy is not rewarded and 8 more'">
        <Item>
          <IdeaActionID>Debug</IdeaActionID>
          <ShortCut>'⇧F9'</ShortCut>
          <Description>Debug 'CompleteACardIntervalRuleExecutorTest,e…dable, trophy is not rewarded and 8 more'</Description>
          <Count>1</Count>
        </Item>
      </Statistic>
      <Statistic Action="Debug 'Rewards API (v2 Rewards) - Docker'">
        <Item>
          <IdeaActionID>Debug</IdeaActionID>
          <ShortCut>'⇧F9'</ShortCut>
          <Description>Debug 'Rewards API (v2 Rewards) - Docker'</Description>
          <Count>23</Count>
        </Item>
      </Statistic>
      <Statistic Action="Debug 'SponsorMemberRewardSummaryControllerTest'">
        <Item>
          <IdeaActionID>Debug</IdeaActionID>
          <ShortCut>'⇧F9'</ShortCut>
          <Description>Debug 'SponsorMemberRewardSummaryControllerTest'</Description>
          <Count>31</Count>
        </Item>
      </Statistic>
      <Statistic Action="Debug 'SponsorMemberRewardSummaryControllerTest.can this please work'">
        <Item>
          <IdeaActionID>Debug</IdeaActionID>
          <ShortCut>'⇧F9'</ShortCut>
          <Description>Debug 'SponsorMemberRewardSummaryControllerTest.can this please work'</Description>
          <Count>5</Count>
        </Item>
      </Statistic>
      <Statistic Action="Debug 'SponsorMemberRewardSummaryControllerTest.getRewardSummary'">
        <Item>
          <IdeaActionID>Debug</IdeaActionID>
          <ShortCut>'⇧F9'</ShortCut>
          <Description>Debug 'SponsorMemberRewardSummaryControllerTest.getRewardSummary'</Description>
          <Count>4</Count>
        </Item>
      </Statistic>
      <Statistic Action="Debug 'UploadedSleepIntervalRuleExecutorTest'">
        <Item>
          <IdeaActionID>Debug</IdeaActionID>
          <ShortCut>'⇧F9'</ShortCut>
          <Description>Debug 'UploadedSleepIntervalRuleExecutorTest'</Description>
          <Count>3</Count>
        </Item>
      </Statistic>
      <Statistic Action="Debug 'UploadedSleepIntervalRuleExecutorTest.e…day of set, saves with latest day in set'">
        <Item>
          <IdeaActionID>Debug</IdeaActionID>
          <ShortCut>'⇧F9'</ShortCut>
          <Description>Debug 'UploadedSleepIntervalRuleExecutorTest.e…day of set, saves with latest day in set'</Description>
          <Count>3</Count>
        </Item>
      </Statistic>
      <Statistic Action="Debug 'UploadedStepsIntervalRuleExecutorTest.e… 20 reward, saves with latest day in set'">
        <Item>
          <IdeaActionID>Debug</IdeaActionID>
          <ShortCut>'⇧F9'</ShortCut>
          <Description>Debug 'UploadedStepsIntervalRuleExecutorTest.e… 20 reward, saves with latest day in set'</Description>
          <Count>1</Count>
        </Item>
      </Statistic>
      <Statistic Action="Debug 'Vieques Admin Service - Docker'">
        <Item>
          <IdeaActionID>Debug</IdeaActionID>
          <ShortCut>'⇧F9'</ShortCut>
          <Description>Debug 'Vieques Admin Service - Docker'</Description>
          <Count>3</Count>
        </Item>
      </Statistic>
      <Statistic Action="Debug 'Vieques Service - Docker'">
        <Item>
          <IdeaActionID>Debug</IdeaActionID>
          <ShortCut>'⇧F9'</ShortCut>
          <Description>Debug 'Vieques Service - Docker'</Description>
          <Count>5</Count>
        </Item>
      </Statistic>
      <Statistic Action="Debug 'com.virginpulse.rewards.processing.storm.RewardsProcessorDebuggingTool'">
        <Item>
          <IdeaActionID>Debug</IdeaActionID>
          <ShortCut>'⇧F9'</ShortCut>
          <Description>Debug 'com.virginpulse.rewards.processing.storm.RewardsProcessorDebuggingTool'</Description>
          <Count>1</Count>
        </Item>
      </Statistic>
      <Statistic Action="Delete...">
        <Item>
          <IdeaActionID>$Delete</IdeaActionID>
          <ShortCut>'⌦' or '⌫' or '⌘⌫'</ShortCut>
          <Description>Delete...</Description>
          <Count>1</Count>
        </Item>
      </Statistic>
      <Statistic Action="Edit Configuration...">
        <Item>
          <IdeaActionID>RunDashboard.EditConfiguration</IdeaActionID>
          <ShortCut>'F4'</ShortCut>
          <Description>Edit Configuration...</Description>
          <Count>1</Count>
        </Item>
      </Statistic>
      <Statistic Action="Error Description">
        <Item>
          <IdeaActionID>ShowErrorDescription</IdeaActionID>
          <ShortCut>'⌘F1'</ShortCut>
          <Description>Error Description</Description>
          <Count>1</Count>
        </Item>
      </Statistic>
      <Statistic Action="Expand Implicit Hints">
        <Item>
          <IdeaActionID>Scala.ExpandImplicits</IdeaActionID>
          <ShortCut>'⌃⌥⇧-' or '⌃⌥⇧-'</ShortCut>
          <Description>Expand Implicit Hints</Description>
          <Count>1</Count>
        </Item>
      </Statistic>
      <Statistic Action="Favorites">
        <Item>
          <IdeaActionID>ActivateFavoritesToolWindow</IdeaActionID>
          <ShortCut>'⌘2'</ShortCut>
          <Description>Favorites</Description>
          <Count>38</Count>
        </Item>
      </Statistic>
      <Statistic Action="Find">
        <Item>
          <IdeaActionID>ActivateFindToolWindow</IdeaActionID>
          <ShortCut>'⌘3'</ShortCut>
          <Description>Find</Description>
          <Count>2</Count>
        </Item>
      </Statistic>
      <Statistic Action="Find...">
        <Item>
          <IdeaActionID>Find</IdeaActionID>
          <ShortCut>'⌘F' or '⌥F3'</ShortCut>
          <Description>Find...</Description>
          <Count>2</Count>
        </Item>
      </Statistic>
      <Statistic Action="Force Step Into">
        <Item>
          <IdeaActionID>ForceStepInto</IdeaActionID>
          <ShortCut>'⌥⇧F7'</ShortCut>
          <Description>Force Step Into</Description>
          <Count>2</Count>
        </Item>
      </Statistic>
      <Statistic Action="Forward">
        <Item>
          <IdeaActionID>Forward</IdeaActionID>
          <ShortCut>'⌥⌘→'</ShortCut>
          <Description>Forward</Description>
          <Count>4</Count>
        </Item>
      </Statistic>
      <Statistic Action="Implementation(s)">
        <Item>
          <IdeaActionID>GotoImplementation</IdeaActionID>
          <ShortCut>'⌥⌘B'</ShortCut>
          <Description>Implementation(s)</Description>
          <Count>11</Count>
        </Item>
      </Statistic>
      <Statistic Action="Jump to Source">
        <Item>
          <IdeaActionID>EditSource</IdeaActionID>
          <ShortCut>'F4'</ShortCut>
          <Description>Jump to Source</Description>
          <Count>5</Count>
        </Item>
      </Statistic>
      <Statistic Action="Move...">
        <Item>
          <IdeaActionID>Move</IdeaActionID>
          <ShortCut>'F6'</ShortCut>
          <Description>Move...</Description>
          <Count>3</Count>
        </Item>
      </Statistic>
      <Statistic Action="Next Bookmark">
        <Item>
          <IdeaActionID>GotoNextBookmark</IdeaActionID>
          <ShortCut>'⌥⇧D' or '⇧⌘F11'</ShortCut>
          <Description>Next Bookmark</Description>
          <Count>4</Count>
        </Item>
      </Statistic>
      <Statistic Action="Open Containing Folder">
        <Item>
          <IdeaActionID>OpenFPlugin.OpenFAction</IdeaActionID>
          <ShortCut>'⇧⌘O'</ShortCut>
          <Description>Open Containing Folder</Description>
          <Count>1</Count>
        </Item>
      </Statistic>
      <Statistic Action="Open Module Settings">
        <Item>
          <IdeaActionID>OpenModuleSettings</IdeaActionID>
          <ShortCut>'F4'</ShortCut>
          <Description>Open Module Settings</Description>
          <Count>1</Count>
        </Item>
      </Statistic>
      <Statistic Action="Optimize Imports">
        <Item>
          <IdeaActionID>OptimizeImports</IdeaActionID>
          <ShortCut>'⌥⌘O'</ShortCut>
          <Description>Optimize Imports</Description>
          <Count>5</Count>
        </Item>
      </Statistic>
      <Statistic Action="Parameter Info">
        <Item>
          <IdeaActionID>ParameterInfo</IdeaActionID>
          <ShortCut>'⌘P'</ShortCut>
          <Description>Parameter Info</Description>
          <Count>2</Count>
        </Item>
      </Statistic>
      <Statistic Action="Paste">
        <Item>
          <IdeaActionID>$Paste</IdeaActionID>
          <ShortCut>'⌘V'</ShortCut>
          <Description>Paste</Description>
          <Count>14</Count>
        </Item>
      </Statistic>
      <Statistic Action="Project">
        <Item>
          <IdeaActionID>ActivateProjectToolWindow</IdeaActionID>
          <ShortCut>'⌘1'</ShortCut>
          <Description>Project</Description>
          <Count>12</Count>
        </Item>
      </Statistic>
      <Statistic Action="Quick Documentation">
        <Item>
          <IdeaActionID>QuickJavaDoc</IdeaActionID>
          <ShortCut>'⌃J'</ShortCut>
          <Description>Quick Documentation</Description>
          <Count>2</Count>
        </Item>
      </Statistic>
      <Statistic Action="Rebuild '...ents.rules.interval'">
        <Item>
          <IdeaActionID>Compile</IdeaActionID>
          <ShortCut>'⇧⌘F9'</ShortCut>
          <Description>Rebuild '...ents.rules.interval'</Description>
          <Count>1</Count>
        </Item>
      </Statistic>
      <Statistic Action="Recent Changes">
        <Item>
          <IdeaActionID>RecentChanges</IdeaActionID>
          <ShortCut>'⌥⇧C'</ShortCut>
          <Description>Recent Changes</Description>
          <Count>1</Count>
        </Item>
      </Statistic>
      <Statistic Action="Recent Files">
        <Item>
          <IdeaActionID>RecentFiles</IdeaActionID>
          <ShortCut>'⌘E'</ShortCut>
          <Description>Recent Files</Description>
          <Count>1</Count>
        </Item>
      </Statistic>
      <Statistic Action="Recompile '...ntrollerUnitTest.kt'">
        <Item>
          <IdeaActionID>Compile</IdeaActionID>
          <ShortCut>'⇧⌘F9'</ShortCut>
          <Description>Recompile '...ntrollerUnitTest.kt'</Description>
          <Count>1</Count>
        </Item>
      </Statistic>
      <Statistic Action="Remove Watch">
        <Item>
          <IdeaActionID>XDebugger.RemoveWatch</IdeaActionID>
          <ShortCut>'⌦' or '⌫' or '⌘⌫'</ShortCut>
          <Description>Remove Watch</Description>
          <Count>6</Count>
        </Item>
      </Statistic>
      <Statistic Action="Rename...">
        <Item>
          <IdeaActionID>RenameElement</IdeaActionID>
          <ShortCut>'⇧F6'</ShortCut>
          <Description>Rename...</Description>
          <Count>16</Count>
        </Item>
      </Statistic>
      <Statistic Action="Rerun">
        <Item>
          <IdeaActionID>UsageView.Rerun</IdeaActionID>
          <ShortCut>'⌃F5'</ShortCut>
          <Description>Rerun</Description>
          <Count>1</Count>
        </Item>
      </Statistic>
      <Statistic Action="Rerun 'ACHTransactionServiceTest'">
        <Item>
          <IdeaActionID>Rerun</IdeaActionID>
          <ShortCut>'⌃F5'</ShortCut>
          <Description>Rerun 'ACHTransactionServiceTest'</Description>
          <Count>1</Count>
        </Item>
      </Statistic>
      <Statistic Action="Rerun 'ACHTransactionServiceTest.handleAchFailure (1)'">
        <Item>
          <IdeaActionID>Rerun</IdeaActionID>
          <ShortCut>'⌃F5'</ShortCut>
          <Description>Rerun 'ACHTransactionServiceTest.handleAchFailure (1)'</Description>
          <Count>2</Count>
        </Item>
      </Statistic>
      <Statistic Action="Rerun 'ACHTransactionServiceTest.processAch (2)'">
        <Item>
          <IdeaActionID>Rerun</IdeaActionID>
          <ShortCut>'⌃F5'</ShortCut>
          <Description>Rerun 'ACHTransactionServiceTest.processAch (2)'</Description>
          <Count>2</Count>
        </Item>
      </Statistic>
      <Statistic Action="Rerun 'CompleteACardIntervalRuleExecutorTest'">
        <Item>
          <IdeaActionID>Rerun</IdeaActionID>
          <ShortCut>'⌃F5'</ShortCut>
          <Description>Rerun 'CompleteACardIntervalRuleExecutorTest'</Description>
          <Count>2</Count>
        </Item>
      </Statistic>
      <Statistic Action="Rerun 'CompleteACardIntervalRuleExecutorTest,executeRule when progress has been met and trophy has been earned this analysis interval but less than times rewardable, trophy is not rewarded and 8 more'">
        <Item>
          <IdeaActionID>Rerun</IdeaActionID>
          <ShortCut>'⌃F5'</ShortCut>
          <Description>Rerun 'CompleteACardIntervalRuleExecutorTest,executeRule when progress has been met and trophy has been earned this analysis interval but less than times rewardable, trophy is not rewarded and 8 more'</Description>
          <Count>1</Count>
        </Item>
      </Statistic>
      <Statistic Action="Rerun 'CompleteACardIntervalRuleExecutorTest.executeRule when progress has been met and trophy has been earned less than times rewarded, trophy rewarded (1)'">
        <Item>
          <IdeaActionID>Rerun</IdeaActionID>
          <ShortCut>'⌃F5'</ShortCut>
          <Description>Rerun 'CompleteACardIntervalRuleExecutorTest.executeRule when progress has been met and trophy has been earned less than times rewarded, trophy rewarded (1)'</Description>
          <Count>1</Count>
        </Item>
      </Statistic>
      <Statistic Action="Rerun 'GenesisApiClientTest.getEntitiesByMember'">
        <Item>
          <IdeaActionID>Rerun</IdeaActionID>
          <ShortCut>'⌃F5'</ShortCut>
          <Description>Rerun 'GenesisApiClientTest.getEntitiesByMember'</Description>
          <Count>1</Count>
        </Item>
      </Statistic>
      <Statistic Action="Rerun 'Local Storm'">
        <Item>
          <IdeaActionID>Rerun</IdeaActionID>
          <ShortCut>'⌃F5'</ShortCut>
          <Description>Rerun 'Local Storm'</Description>
          <Count>3</Count>
        </Item>
      </Statistic>
      <Statistic Action="Rerun 'MemberRewardsRedemptionTest'">
        <Item>
          <IdeaActionID>Rerun</IdeaActionID>
          <ShortCut>'⌃F5'</ShortCut>
          <Description>Rerun 'MemberRewardsRedemptionTest'</Description>
          <Count>1</Count>
        </Item>
      </Statistic>
      <Statistic Action="Rerun 'Rewards v2 API [Docker]'">
        <Item>
          <IdeaActionID>Rerun</IdeaActionID>
          <ShortCut>'⌃F5'</ShortCut>
          <Description>Rerun 'Rewards v2 API [Docker]'</Description>
          <Count>3</Count>
        </Item>
      </Statistic>
      <Statistic Action="Rerun 'SponsorMemberRewardSummaryControllerTest.can this please work'">
        <Item>
          <IdeaActionID>Rerun</IdeaActionID>
          <ShortCut>'⌃F5'</ShortCut>
          <Description>Rerun 'SponsorMemberRewardSummaryControllerTest.can this please work'</Description>
          <Count>31</Count>
        </Item>
      </Statistic>
      <Statistic Action="Rerun 'SponsorMemberRewardSummaryControllerTest.getRewardSummary'">
        <Item>
          <IdeaActionID>Rerun</IdeaActionID>
          <ShortCut>'⌃F5'</ShortCut>
          <Description>Rerun 'SponsorMemberRewardSummaryControllerTest.getRewardSummary'</Description>
          <Count>4</Count>
        </Item>
      </Statistic>
      <Statistic Action="Rerun 'SponsorMemberRewardSummaryControllerTest.getRewardSummaryTest'">
        <Item>
          <IdeaActionID>Rerun</IdeaActionID>
          <ShortCut>'⌃F5'</ShortCut>
          <Description>Rerun 'SponsorMemberRewardSummaryControllerTest.getRewardSummaryTest'</Description>
          <Count>1</Count>
        </Item>
      </Statistic>
      <Statistic Action="Rerun 'UploadedSleepIntervalRuleExecutorTest.executeRule when earning an interval reward where the triggering date is not the latest day of set, saves with latest day in set'">
        <Item>
          <IdeaActionID>Rerun</IdeaActionID>
          <ShortCut>'⌃F5'</ShortCut>
          <Description>Rerun 'UploadedSleepIntervalRuleExecutorTest.executeRule when earning an interval reward where the triggering date is not the latest day of set, saves with latest day in set'</Description>
          <Count>1</Count>
        </Item>
      </Statistic>
      <Statistic Action="Rerun 'Vieques Service - Docker'">
        <Item>
          <IdeaActionID>Rerun</IdeaActionID>
          <ShortCut>'⌃F5'</ShortCut>
          <Description>Rerun 'Vieques Service - Docker'</Description>
          <Count>10</Count>
        </Item>
      </Statistic>
      <Statistic Action="Rerun 'com.virginpulse.rewards.composition.service in rewards-composition_test'">
        <Item>
          <IdeaActionID>Rerun</IdeaActionID>
          <ShortCut>'⌃F5'</ShortCut>
          <Description>Rerun 'com.virginpulse.rewards.composition.service in rewards-composition_test'</Description>
          <Count>1</Count>
        </Item>
      </Statistic>
      <Statistic Action="Run 'ACHTransactionServiceTest.handleAchFailure (1)'">
        <Item>
          <IdeaActionID>Run</IdeaActionID>
          <ShortCut>'⇧F10'</ShortCut>
          <Description>Run 'ACHTransactionServiceTest.handleAchFailure (1)'</Description>
          <Count>3</Count>
        </Item>
      </Statistic>
      <Statistic Action="Run 'ACHTransactionServiceTest.handleAchFailure'">
        <Item>
          <IdeaActionID>Run</IdeaActionID>
          <ShortCut>'⇧F10'</ShortCut>
          <Description>Run 'ACHTransactionServiceTest.handleAchFailure'</Description>
          <Count>2</Count>
        </Item>
      </Statistic>
      <Statistic Action="Run 'BaseIntervalProgressRuleExecutorSelfTes…testByDayOfMonth when aoeu return latest'">
        <Item>
          <IdeaActionID>Run</IdeaActionID>
          <ShortCut>'⇧F10'</ShortCut>
          <Description>Run 'BaseIntervalProgressRuleExecutorSelfTes…testByDayOfMonth when aoeu return latest'</Description>
          <Count>12</Count>
        </Item>
      </Statistic>
      <Statistic Action="Run 'CompleteACardIntervalRuleExecutorTest'">
        <Item>
          <IdeaActionID>RunClass</IdeaActionID>
          <ShortCut>'⌃⇧F10'</ShortCut>
          <Description>Run 'CompleteACardIntervalRuleExecutorTest'</Description>
          <Count>1</Count>
        </Item>
      </Statistic>
      <Statistic Action="Run 'Genesis API (Vieques)'">
        <Item>
          <IdeaActionID>Run</IdeaActionID>
          <ShortCut>'⇧F10'</ShortCut>
          <Description>Run 'Genesis API (Vieques)'</Description>
          <Count>1</Count>
        </Item>
      </Statistic>
      <Statistic Action="Run 'GenesisApiClientTest.getEntitiesByMember'">
        <Item>
          <IdeaActionID>Run</IdeaActionID>
          <ShortCut>'⇧F10'</ShortCut>
          <Description>Run 'GenesisApiClientTest.getEntitiesByMember'</Description>
          <Count>12</Count>
        </Item>
      </Statistic>
      <Statistic Action="Run 'Local RewardsProcessorDebuggingTool DEBUG'">
        <Item>
          <IdeaActionID>Run</IdeaActionID>
          <ShortCut>'⇧F10'</ShortCut>
          <Description>Run 'Local RewardsProcessorDebuggingTool DEBUG'</Description>
          <Count>1</Count>
        </Item>
      </Statistic>
      <Statistic Action="Run 'Local RewardsProcessorDebuggingTool Debug'">
        <Item>
          <IdeaActionID>Run</IdeaActionID>
          <ShortCut>'⇧F10'</ShortCut>
          <Description>Run 'Local RewardsProcessorDebuggingTool Debug'</Description>
          <Count>2</Count>
        </Item>
      </Statistic>
      <Statistic Action="Run 'LoginTest'">
        <Item>
          <IdeaActionID>Run</IdeaActionID>
          <ShortCut>'⇧F10'</ShortCut>
          <Description>Run 'LoginTest'</Description>
          <Count>2</Count>
        </Item>
      </Statistic>
      <Statistic Action="Run 'MemberRewardsRedemptionTest'">
        <Item>
          <IdeaActionID>Run</IdeaActionID>
          <ShortCut>'⇧F10'</ShortCut>
          <Description>Run 'MemberRewardsRedemptionTest'</Description>
          <Count>5</Count>
        </Item>
      </Statistic>
      <Statistic Action="Run 'Rewards API (v2 Rewards) - Docker'">
        <Item>
          <IdeaActionID>Run</IdeaActionID>
          <ShortCut>'⇧F10'</ShortCut>
          <Description>Run 'Rewards API (v2 Rewards) - Docker'</Description>
          <Count>13</Count>
        </Item>
      </Statistic>
      <Statistic Action="Run 'Rewards v2 API [Docker]'">
        <Item>
          <IdeaActionID>Run</IdeaActionID>
          <ShortCut>'⇧F10'</ShortCut>
          <Description>Run 'Rewards v2 API [Docker]'</Description>
          <Count>3</Count>
        </Item>
      </Statistic>
      <Statistic Action="Run 'RewardsEventCodeServiceTest (1)'">
        <Item>
          <IdeaActionID>Run</IdeaActionID>
          <ShortCut>'⇧F10'</ShortCut>
          <Description>Run 'RewardsEventCodeServiceTest (1)'</Description>
          <Count>14</Count>
        </Item>
      </Statistic>
      <Statistic Action="Run 'RewardsEventCodeServiceTest'">
        <Item>
          <IdeaActionID>Run</IdeaActionID>
          <ShortCut>'⇧F10'</ShortCut>
          <Description>Run 'RewardsEventCodeServiceTest'</Description>
          <Count>5</Count>
        </Item>
      </Statistic>
      <Statistic Action="Run 'SponsorMemberRewardSummaryControllerTest'">
        <Item>
          <IdeaActionID>RunClass</IdeaActionID>
          <ShortCut>'⌃⇧F10'</ShortCut>
          <Description>Run 'SponsorMemberRewardSummaryControllerTest'</Description>
          <Count>27</Count>
        </Item>
      </Statistic>
      <Statistic Action="Run 'SponsorMemberRewardSummaryControllerTest.can this please work?'">
        <Item>
          <IdeaActionID>Run</IdeaActionID>
          <ShortCut>'⇧F10'</ShortCut>
          <Description>Run 'SponsorMemberRewardSummaryControllerTest.can this please work?'</Description>
          <Count>1</Count>
        </Item>
      </Statistic>
      <Statistic Action="Run 'SponsorMemberRewardSummaryControllerTest.getRewardSummary'">
        <Item>
          <IdeaActionID>Run</IdeaActionID>
          <ShortCut>'⇧F10'</ShortCut>
          <Description>Run 'SponsorMemberRewardSummaryControllerTest.getRewardSummary'</Description>
          <Count>6</Count>
        </Item>
      </Statistic>
      <Statistic Action="Run 'SponsorMemberRewardSummaryControllerTest.getRewardSummaryTest'">
        <Item>
          <IdeaActionID>Run</IdeaActionID>
          <ShortCut>'⇧F10'</ShortCut>
          <Description>Run 'SponsorMemberRewardSummaryControllerTest.getRewardSummaryTest'</Description>
          <Count>1</Count>
        </Item>
      </Statistic>
      <Statistic Action="Run 'Tests in 'com.virginpulse.rewards.composition.service''">
        <Item>
          <IdeaActionID>RunClass</IdeaActionID>
          <ShortCut>'⌃⇧F10'</ShortCut>
          <Description>Run 'Tests in 'com.virginpulse.rewards.composition.service''</Description>
          <Count>2</Count>
        </Item>
      </Statistic>
      <Statistic Action="Run 'Unnamed'">
        <Item>
          <IdeaActionID>Run</IdeaActionID>
          <ShortCut>'⇧F10'</ShortCut>
          <Description>Run 'Unnamed'</Description>
          <Count>2</Count>
        </Item>
      </Statistic>
      <Statistic Action="Run 'UploadedSleepIntervalRuleExecutorTest (1)'">
        <Item>
          <IdeaActionID>Run</IdeaActionID>
          <ShortCut>'⇧F10'</ShortCut>
          <Description>Run 'UploadedSleepIntervalRuleExecutorTest (1)'</Description>
          <Count>3</Count>
        </Item>
      </Statistic>
      <Statistic Action="Run 'UploadedSleepIntervalRuleExecutorTest.u…oaded sleep once, trophy is not rewarded'">
        <Item>
          <IdeaActionID>Run</IdeaActionID>
          <ShortCut>'⇧F10'</ShortCut>
          <Description>Run 'UploadedSleepIntervalRuleExecutorTest.u…oaded sleep once, trophy is not rewarded'</Description>
          <Count>1</Count>
        </Item>
      </Statistic>
      <Statistic Action="Run 'UploadedStepsIntervalRuleExecutorTest.e… 20 reward, saves with latest day in set'">
        <Item>
          <IdeaActionID>Run</IdeaActionID>
          <ShortCut>'⇧F10'</ShortCut>
          <Description>Run 'UploadedStepsIntervalRuleExecutorTest.e… 20 reward, saves with latest day in set'</Description>
          <Count>9</Count>
        </Item>
      </Statistic>
      <Statistic Action="Run 'UploadedStepsIntervalRuleExecutorTest.e…day of set, saves with latest day in set'">
        <Item>
          <IdeaActionID>Run</IdeaActionID>
          <ShortCut>'⇧F10'</ShortCut>
          <Description>Run 'UploadedStepsIntervalRuleExecutorTest.e…day of set, saves with latest day in set'</Description>
          <Count>3</Count>
        </Item>
      </Statistic>
      <Statistic Action="Run 'Vieques Admin Service - Docker'">
        <Item>
          <IdeaActionID>Run</IdeaActionID>
          <ShortCut>'⇧F10'</ShortCut>
          <Description>Run 'Vieques Admin Service - Docker'</Description>
          <Count>12</Count>
        </Item>
      </Statistic>
      <Statistic Action="Run 'com.virginpulse.rewards.processing.events.rules.interval in baseinterval'">
        <Item>
          <IdeaActionID>Run</IdeaActionID>
          <ShortCut>'⇧F10'</ShortCut>
          <Description>Run 'com.virginpulse.rewards.processing.events.rules.interval in baseinterval'</Description>
          <Count>1</Count>
        </Item>
      </Statistic>
      <Statistic Action="Run 'com.virginpulse.rewards.processing.events.rules.interval in rewards-processing'">
        <Item>
          <IdeaActionID>Run</IdeaActionID>
          <ShortCut>'⇧F10'</ShortCut>
          <Description>Run 'com.virginpulse.rewards.processing.events.rules.interval in rewards-processing'</Description>
          <Count>7</Count>
        </Item>
      </Statistic>
      <Statistic Action="Run 'com.virginpulse.rewards.processing.even…ules.interval in rewards-processing_test'">
        <Item>
          <IdeaActionID>Run</IdeaActionID>
          <ShortCut>'⇧F10'</ShortCut>
          <Description>Run 'com.virginpulse.rewards.processing.even…ules.interval in rewards-processing_test'</Description>
          <Count>1</Count>
        </Item>
      </Statistic>
      <Statistic Action="Run 'executeRule when e...()'">
        <Item>
          <IdeaActionID>RunClass</IdeaActionID>
          <ShortCut>'⌃⇧F10'</ShortCut>
          <Description>Run 'executeRule when e...()'</Description>
          <Count>3</Count>
        </Item>
      </Statistic>
      <Statistic Action="Run 'executeRule when p...()'">
        <Item>
          <IdeaActionID>RunClass</IdeaActionID>
          <ShortCut>'⌃⇧F10'</ShortCut>
          <Description>Run 'executeRule when p...()'</Description>
          <Count>2</Count>
        </Item>
      </Statistic>
      <Statistic Action="Run 'executeRule when r...()'">
        <Item>
          <IdeaActionID>RunClass</IdeaActionID>
          <ShortCut>'⌃⇧F10'</ShortCut>
          <Description>Run 'executeRule when r...()'</Description>
          <Count>1</Count>
        </Item>
      </Statistic>
      <Statistic Action="Run 'getAssociatedRewar...()'">
        <Item>
          <IdeaActionID>RunClass</IdeaActionID>
          <ShortCut>'⌃⇧F10'</ShortCut>
          <Description>Run 'getAssociatedRewar...()'</Description>
          <Count>1</Count>
        </Item>
      </Statistic>
      <Statistic Action="Run 'getLatestByDayOfMo...()'">
        <Item>
          <IdeaActionID>RunClass</IdeaActionID>
          <ShortCut>'⌃⇧F10'</ShortCut>
          <Description>Run 'getLatestByDayOfMo...()'</Description>
          <Count>1</Count>
        </Item>
      </Statistic>
      <Statistic Action="Run 'getRewardSummaryTest()'">
        <Item>
          <IdeaActionID>RunClass</IdeaActionID>
          <ShortCut>'⌃⇧F10'</ShortCut>
          <Description>Run 'getRewardSummaryTest()'</Description>
          <Count>1</Count>
        </Item>
      </Statistic>
      <Statistic Action="Run 'ide-scripting.kts'">
        <Item>
          <IdeaActionID>RunClass</IdeaActionID>
          <ShortCut>'⌃⇧F10'</ShortCut>
          <Description>Run 'ide-scripting.kts'</Description>
          <Count>1</Count>
        </Item>
      </Statistic>
      <Statistic Action="Run 'processAch()'">
        <Item>
          <IdeaActionID>RunClass</IdeaActionID>
          <ShortCut>'⌃⇧F10'</ShortCut>
          <Description>Run 'processAch()'</Description>
          <Count>3</Count>
        </Item>
      </Statistic>
      <Statistic Action="Scratch File">
        <Item>
          <IdeaActionID>NewScratchFile</IdeaActionID>
          <ShortCut>'⌃⇧N'</ShortCut>
          <Description>Scratch File</Description>
          <Count>1</Count>
        </Item>
      </Statistic>
      <Statistic Action="Show Configurations">
        <Item>
          <IdeaActionID>RunDashboard.ShowConfigurations</IdeaActionID>
          <ShortCut>'⇧⌘T'</ShortCut>
          <Description>Show Configurations</Description>
          <Count>1</Count>
        </Item>
      </Statistic>
      <Statistic Action="Show Execution Point">
        <Item>
          <IdeaActionID>ShowExecutionPoint</IdeaActionID>
          <ShortCut>'⌥F10'</ShortCut>
          <Description>Show Execution Point</Description>
          <Count>5</Count>
        </Item>
      </Statistic>
      <Statistic Action="Show Implicit Hints">
        <Item>
          <IdeaActionID>Scala.ShowImplicits</IdeaActionID>
          <ShortCut>'⌃⌥⇧-' or '⌃⌥⇧-'</ShortCut>
          <Description>Show Implicit Hints</Description>
          <Count>3</Count>
        </Item>
      </Statistic>
      <Statistic Action="Step Into">
        <Item>
          <IdeaActionID>StepInto</IdeaActionID>
          <ShortCut>'F7'</ShortCut>
          <Description>Step Into</Description>
          <Count>61</Count>
        </Item>
      </Statistic>
      <Statistic Action="Stop 'Enrollment - Docker'">
        <Item>
          <IdeaActionID>Stop</IdeaActionID>
          <ShortCut>'⌘F2'</ShortCut>
          <Description>Stop 'Enrollment - Docker'</Description>
          <Count>1</Count>
        </Item>
      </Statistic>
      <Statistic Action="Stop 'Enrollment Configuration'">
        <Item>
          <IdeaActionID>Stop</IdeaActionID>
          <ShortCut>'⌘F2'</ShortCut>
          <Description>Stop 'Enrollment Configuration'</Description>
          <Count>1</Count>
        </Item>
      </Statistic>
      <Statistic Action="Stop 'Genesis API (Vieques)'">
        <Item>
          <IdeaActionID>Stop</IdeaActionID>
          <ShortCut>'⌘F2'</ShortCut>
          <Description>Stop 'Genesis API (Vieques)'</Description>
          <Count>1</Count>
        </Item>
      </Statistic>
      <Statistic Action="Stop 'Local RewardsProcessorDebuggingTool Debug'">
        <Item>
          <IdeaActionID>Stop</IdeaActionID>
          <ShortCut>'⌘F2'</ShortCut>
          <Description>Stop 'Local RewardsProcessorDebuggingTool Debug'</Description>
          <Count>1</Count>
        </Item>
      </Statistic>
      <Statistic Action="Stop 'Local Storm'">
        <Item>
          <IdeaActionID>Stop</IdeaActionID>
          <ShortCut>'⌘F2'</ShortCut>
          <Description>Stop 'Local Storm'</Description>
          <Count>5</Count>
        </Item>
      </Statistic>
      <Statistic Action="Stop 'Rewards Storm'">
        <Item>
          <IdeaActionID>Stop</IdeaActionID>
          <ShortCut>'⌘F2'</ShortCut>
          <Description>Stop 'Rewards Storm'</Description>
          <Count>1</Count>
        </Item>
      </Statistic>
      <Statistic Action="Stop 'Rewards v2 API [Docker]'">
        <Item>
          <IdeaActionID>Stop</IdeaActionID>
          <ShortCut>'⌘F2'</ShortCut>
          <Description>Stop 'Rewards v2 API [Docker]'</Description>
          <Count>5</Count>
        </Item>
      </Statistic>
      <Statistic Action="Stop 'SponsorMemberRewardSummaryControllerTest'">
        <Item>
          <IdeaActionID>Stop</IdeaActionID>
          <ShortCut>'⌘F2'</ShortCut>
          <Description>Stop 'SponsorMemberRewardSummaryControllerTest'</Description>
          <Count>7</Count>
        </Item>
      </Statistic>
      <Statistic Action="Stop 'SponsorMemberRewardSummaryControllerTest.getRewardSummary'">
        <Item>
          <IdeaActionID>Stop</IdeaActionID>
          <ShortCut>'⌘F2'</ShortCut>
          <Description>Stop 'SponsorMemberRewardSummaryControllerTest.getRewardSummary'</Description>
          <Count>2</Count>
        </Item>
      </Statistic>
      <Statistic Action="Stop 'UploadedSleepIntervalRuleExecutorTest (1)'">
        <Item>
          <IdeaActionID>Stop</IdeaActionID>
          <ShortCut>'⌘F2'</ShortCut>
          <Description>Stop 'UploadedSleepIntervalRuleExecutorTest (1)'</Description>
          <Count>1</Count>
        </Item>
      </Statistic>
      <Statistic Action="Stop 'UploadedSleepIntervalRuleExecutorTest'">
        <Item>
          <IdeaActionID>Stop</IdeaActionID>
          <ShortCut>'⌘F2'</ShortCut>
          <Description>Stop 'UploadedSleepIntervalRuleExecutorTest'</Description>
          <Count>1</Count>
        </Item>
      </Statistic>
      <Statistic Action="Stop 'Vieques Admin Service - Docker'">
        <Item>
          <IdeaActionID>Stop</IdeaActionID>
          <ShortCut>'⌘F2'</ShortCut>
          <Description>Stop 'Vieques Admin Service - Docker'</Description>
          <Count>16</Count>
        </Item>
      </Statistic>
      <Statistic Action="Stop 'com.virginpulse.rewards.processing.events.rules.interval in rewards-processing'">
        <Item>
          <IdeaActionID>Stop</IdeaActionID>
          <ShortCut>'⌘F2'</ShortCut>
          <Description>Stop 'com.virginpulse.rewards.processing.events.rules.interval in rewards-processing'</Description>
          <Count>1</Count>
        </Item>
      </Statistic>
      <Statistic Action="Stop 'npm install in enrollment/clients/enrollment-ui'">
        <Item>
          <IdeaActionID>Stop</IdeaActionID>
          <ShortCut>'⌘F2'</ShortCut>
          <Description>Stop 'npm install in enrollment/clients/enrollment-ui'</Description>
          <Count>1</Count>
        </Item>
      </Statistic>
      <Statistic Action="Stop...">
        <Item>
          <IdeaActionID>Stop</IdeaActionID>
          <ShortCut>'⌘F2'</ShortCut>
          <Description>Stop...</Description>
          <Count>2</Count>
        </Item>
      </Statistic>
      <Statistic Action="Synchronize">
        <Item>
          <IdeaActionID>Synchronize</IdeaActionID>
          <ShortCut>'⌥⌘Y'</ShortCut>
          <Description>Synchronize</Description>
          <Count>7</Count>
        </Item>
      </Statistic>
      <Statistic Action="Terminal">
        <Item>
          <IdeaActionID>ActivateTerminalToolWindow</IdeaActionID>
          <ShortCut>'⌥F12'</ShortCut>
          <Description>Terminal</Description>
          <Count>13</Count>
        </Item>
      </Statistic>
      <Statistic Action="Test Subject">
        <Item>
          <IdeaActionID>GotoTest</IdeaActionID>
          <ShortCut>'⇧⌘T'</ShortCut>
          <Description>Test Subject</Description>
          <Count>6</Count>
        </Item>
      </Statistic>
      <Statistic Action="Toggle Bookmark">
        <Item>
          <IdeaActionID>ToggleBookmark</IdeaActionID>
          <ShortCut>'⌥D' or '⌘F11'</ShortCut>
          <Description>Toggle Bookmark</Description>
          <Count>4</Count>
        </Item>
      </Statistic>
      <Statistic Action="Type Declaration">
        <Item>
          <IdeaActionID>GotoTypeDeclaration</IdeaActionID>
          <ShortCut>'⌃⇧B'</ShortCut>
          <Description>Type Declaration</Description>
          <Count>1</Count>
        </Item>
      </Statistic>
      <Statistic Action="Version Control">
        <Item>
          <IdeaActionID>ActivateVersionControlToolWindow</IdeaActionID>
          <ShortCut>'⌘9' or '⇧⌘9'</ShortCut>
          <Description>Version Control</Description>
          <Count>6</Count>
        </Item>
      </Statistic>
      <Statistic Action="View Breakpoints...">
        <Item>
          <IdeaActionID>ViewBreakpoints</IdeaActionID>
          <ShortCut>'⇧⌘F8'</ShortCut>
          <Description>View Breakpoints...</Description>
          <Count>3</Count>
        </Item>
      </Statistic>
    </option>
    <option name="suppressed">
      <Statistic Action="Build">
        <Item>
          <IdeaActionID>ActivateBuildToolWindow</IdeaActionID>
          <Description>Build</Description>
        </Item>
      </Statistic>
      <Statistic Action="Build Project">
        <Item>
          <IdeaActionID>CompileDirty</IdeaActionID>
          <ShortCut>'⌘F9'</ShortCut>
          <Description>Build Project</Description>
          <Count>2</Count>
        </Item>
      </Statistic>
      <Statistic Action="Debug">
        <Item>
          <IdeaActionID>ActivateDebugToolWindow</IdeaActionID>
          <ShortCut>'⌘5'</ShortCut>
          <Description>Debug</Description>
          <Count>56</Count>
        </Item>
      </Statistic>
      <Statistic Action="Debug 'Local RewardsProcessorDebuggingTool Debug'">
        <Item>
          <IdeaActionID>Debug</IdeaActionID>
          <ShortCut>'⇧F9'</ShortCut>
          <Description>Debug 'Local RewardsProcessorDebuggingTool Debug'</Description>
          <Count>1</Count>
        </Item>
      </Statistic>
      <Statistic Action="Debug 'UploadedSleepIntervalRuleExecutorTest (1)'">
        <Item>
          <IdeaActionID>Debug</IdeaActionID>
          <ShortCut>'⇧F9'</ShortCut>
          <Description>Debug 'UploadedSleepIntervalRuleExecutorTest (1)'</Description>
          <Count>3</Count>
        </Item>
      </Statistic>
      <Statistic Action="Debug 'UploadedStepsIntervalRuleExecutorTest.e…day of set, saves with latest day in set'">
        <Item>
          <IdeaActionID>Debug</IdeaActionID>
          <ShortCut>'⇧F9'</ShortCut>
          <Description>Debug 'UploadedStepsIntervalRuleExecutorTest.e…day of set, saves with latest day in set'</Description>
          <Count>2</Count>
        </Item>
      </Statistic>
      <Statistic Action="Debug 'com.virginpulse.rewards.processing.events.rules.interval in rewards-processing'">
        <Item>
          <IdeaActionID>Debug</IdeaActionID>
          <ShortCut>'⇧F9'</ShortCut>
          <Description>Debug 'com.virginpulse.rewards.processing.events.rules.interval in rewards-processing'</Description>
          <Count>1</Count>
        </Item>
      </Statistic>
      <Statistic Action="Debug...">
        <Item>
          <IdeaActionID>ChooseDebugConfiguration</IdeaActionID>
          <ShortCut>'⌥⇧F9'</ShortCut>
          <Description>Debug...</Description>
          <Count>5</Count>
        </Item>
      </Statistic>
      <Statistic Action="Edit...">
        <Item>
          <IdeaActionID>XDebugger.EditWatch</IdeaActionID>
          <ShortCut>'F2'</ShortCut>
          <Description>Edit...</Description>
          <Count>1</Count>
        </Item>
      </Statistic>
      <Statistic Action="Evaluate Expression...">
        <Item>
          <IdeaActionID>EvaluateExpression</IdeaActionID>
          <ShortCut>'⌥F8'</ShortCut>
          <Description>Evaluate Expression...</Description>
          <Count>1</Count>
        </Item>
      </Statistic>
      <Statistic Action="Find Usages">
        <Item>
          <IdeaActionID>FindUsages</IdeaActionID>
          <ShortCut>'⌥F7'</ShortCut>
          <Description>Find Usages</Description>
          <Count>34</Count>
        </Item>
      </Statistic>
      <Statistic Action="GoTo">
        <Item>
          <IdeaActionID>GotoDeclaration</IdeaActionID>
          <ShortCut>'⌘B'</ShortCut>
          <Description>GoTo</Description>
          <Count>295</Count>
        </Item>
      </Statistic>
      <Statistic Action="Hide All Windows">
        <Item>
          <IdeaActionID>HideAllWindows</IdeaActionID>
          <ShortCut>'⇧⌘F12'</ShortCut>
          <Description>Hide All Windows</Description>
          <Count>2</Count>
        </Item>
      </Statistic>
      <Statistic Action="Mark Object...">
        <Item>
          <IdeaActionID>Debugger.MarkObject</IdeaActionID>
          <ShortCut>'⌥D' or '⌘F11'</ShortCut>
          <Description>Mark Object...</Description>
          <Count>1</Count>
        </Item>
      </Statistic>
      <Statistic Action="Messages">
        <Item>
          <IdeaActionID>ActivateMessagesToolWindow</IdeaActionID>
          <ShortCut>'⌘0'</ShortCut>
          <Description>Messages</Description>
          <Count>13</Count>
        </Item>
      </Statistic>
      <Statistic Action="Mute Breakpoints">
        <Item>
          <IdeaActionID>XDebugger.MuteBreakpoints</IdeaActionID>
          <Description>Mute Breakpoints</Description>
        </Item>
      </Statistic>
      <Statistic Action="Recompile '...RuleExecutorTest.kt'">
        <Item>
          <IdeaActionID>Compile</IdeaActionID>
          <ShortCut>'⇧⌘F9'</ShortCut>
          <Description>Recompile '...RuleExecutorTest.kt'</Description>
          <Count>1</Count>
        </Item>
      </Statistic>
      <Statistic Action="Recompile '...sorDebuggingTool.kt'">
        <Item>
          <IdeaActionID>Compile</IdeaActionID>
          <ShortCut>'⇧⌘F9'</ShortCut>
          <Description>Recompile '...sorDebuggingTool.kt'</Description>
          <Count>1</Count>
        </Item>
      </Statistic>
      <Statistic Action="Recompile '...tCodeServiceTest.kt'">
        <Item>
          <IdeaActionID>Compile</IdeaActionID>
          <ShortCut>'⇧⌘F9'</ShortCut>
          <Description>Recompile '...tCodeServiceTest.kt'</Description>
          <Count>2</Count>
        </Item>
      </Statistic>
      <Statistic Action="Rerun 'BaseIntervalProgressRuleExecutorTest'">
        <Item>
          <IdeaActionID>Rerun</IdeaActionID>
          <ShortCut>'⌃F5'</ShortCut>
          <Description>Rerun 'BaseIntervalProgressRuleExecutorTest'</Description>
          <Count>2</Count>
        </Item>
      </Statistic>
      <Statistic Action="Rerun 'Rerun Failed Tests'">
        <Item>
          <IdeaActionID>Rerun</IdeaActionID>
          <ShortCut>'⌃F5'</ShortCut>
          <Description>Rerun 'Rerun Failed Tests'</Description>
          <Count>5</Count>
        </Item>
      </Statistic>
      <Statistic Action="Rerun 'Rewards API (v2 Rewards) - Docker'">
        <Item>
          <IdeaActionID>Rerun</IdeaActionID>
          <ShortCut>'⌃F5'</ShortCut>
          <Description>Rerun 'Rewards API (v2 Rewards) - Docker'</Description>
          <Count>1</Count>
        </Item>
      </Statistic>
      <Statistic Action="Rerun 'SponsorMemberRewardSummaryControllerTest'">
        <Item>
          <IdeaActionID>Rerun</IdeaActionID>
          <ShortCut>'⌃F5'</ShortCut>
          <Description>Rerun 'SponsorMemberRewardSummaryControllerTest'</Description>
          <Count>5</Count>
        </Item>
      </Statistic>
      <Statistic Action="Rerun 'UploadedSleepIntervalRuleExecutorTest (1)'">
        <Item>
          <IdeaActionID>Rerun</IdeaActionID>
          <ShortCut>'⌃F5'</ShortCut>
          <Description>Rerun 'UploadedSleepIntervalRuleExecutorTest (1)'</Description>
          <Count>1</Count>
        </Item>
      </Statistic>
      <Statistic Action="Rerun 'UploadedSleepIntervalRuleExecutorTest'">
        <Item>
          <IdeaActionID>Rerun</IdeaActionID>
          <ShortCut>'⌃F5'</ShortCut>
          <Description>Rerun 'UploadedSleepIntervalRuleExecutorTest'</Description>
          <Count>2</Count>
        </Item>
      </Statistic>
      <Statistic Action="Rerun 'Vieques Admin Service - Docker'">
        <Item>
          <IdeaActionID>Rerun</IdeaActionID>
          <ShortCut>'⌃F5'</ShortCut>
          <Description>Rerun 'Vieques Admin Service - Docker'</Description>
          <Count>2</Count>
        </Item>
      </Statistic>
      <Statistic Action="Rerun 'com.virginpulse.rewards.processing.events.rules.interval in baseinterval'">
        <Item>
          <IdeaActionID>Rerun</IdeaActionID>
          <ShortCut>'⌃F5'</ShortCut>
          <Description>Rerun 'com.virginpulse.rewards.processing.events.rules.interval in baseinterval'</Description>
          <Count>1</Count>
        </Item>
      </Statistic>
      <Statistic Action="Rerun 'com.virginpulse.rewards.processing.events.rules.interval in rewards-processing'">
        <Item>
          <IdeaActionID>Rerun</IdeaActionID>
          <ShortCut>'⌃F5'</ShortCut>
          <Description>Rerun 'com.virginpulse.rewards.processing.events.rules.interval in rewards-processing'</Description>
          <Count>10</Count>
        </Item>
      </Statistic>
      <Statistic Action="Rerun 'com.virginpulse.rewards.processing.storm.RewardsProcessorDebuggingTool'">
        <Item>
          <IdeaActionID>Rerun</IdeaActionID>
          <ShortCut>'⌃F5'</ShortCut>
          <Description>Rerun 'com.virginpulse.rewards.processing.storm.RewardsProcessorDebuggingTool'</Description>
          <Count>3</Count>
        </Item>
      </Statistic>
      <Statistic Action="Restore Windows">
        <Item>
          <IdeaActionID>HideAllWindows</IdeaActionID>
          <ShortCut>'⇧⌘F12'</ShortCut>
          <Description>Restore Windows</Description>
          <Count>2</Count>
        </Item>
      </Statistic>
      <Statistic Action="Resume Program">
        <Item>
          <IdeaActionID>Resume</IdeaActionID>
          <ShortCut>'F9'</ShortCut>
          <Description>Resume Program</Description>
          <Count>38</Count>
        </Item>
      </Statistic>
      <Statistic Action="Run">
        <Item>
          <IdeaActionID>ActivateRunToolWindow</IdeaActionID>
          <ShortCut>'⌘4'</ShortCut>
          <Description>Run</Description>
          <Count>16</Count>
        </Item>
      </Statistic>
      <Statistic Action="Run 'ACHTransactionServiceTest'">
        <Item>
          <IdeaActionID>Run</IdeaActionID>
          <ShortCut>'⇧F10'</ShortCut>
          <Description>Run 'ACHTransactionServiceTest'</Description>
          <Count>3</Count>
        </Item>
      </Statistic>
      <Statistic Action="Run 'BaseIntervalProgressRuleExecutorTest'">
        <Item>
          <IdeaActionID>Run</IdeaActionID>
          <ShortCut>'⇧F10'</ShortCut>
          <Description>Run 'BaseIntervalProgressRuleExecutorTest'</Description>
          <Count>6</Count>
        </Item>
      </Statistic>
      <Statistic Action="Run 'CompleteACardIntervalRuleExecutorTest and 8 more'">
        <Item>
          <IdeaActionID>Run</IdeaActionID>
          <ShortCut>'⇧F10'</ShortCut>
          <Description>Run 'CompleteACardIntervalRuleExecutorTest and 8 more'</Description>
          <Count>8</Count>
        </Item>
      </Statistic>
      <Statistic Action="Run 'SponsorMemberRewardSummaryControllerTest.can this please work'">
        <Item>
          <IdeaActionID>Run</IdeaActionID>
          <ShortCut>'⇧F10'</ShortCut>
          <Description>Run 'SponsorMemberRewardSummaryControllerTest.can this please work'</Description>
          <Count>1</Count>
        </Item>
      </Statistic>
      <Statistic Action="Run 'Tests in 'com.virginpulse.rewards.processing.events.rules.interval''">
        <Item>
          <IdeaActionID>RunClass</IdeaActionID>
          <ShortCut>'⌃⇧F10'</ShortCut>
          <Description>Run 'Tests in 'com.virginpulse.rewards.processing.events.rules.interval''</Description>
          <Count>2</Count>
        </Item>
      </Statistic>
      <Statistic Action="Run 'UploadedSleepIntervalRuleExecutorTest'">
        <Item>
          <IdeaActionID>RunClass</IdeaActionID>
          <ShortCut>'⌃⇧F10'</ShortCut>
          <Description>Run 'UploadedSleepIntervalRuleExecutorTest'</Description>
          <Count>10</Count>
        </Item>
      </Statistic>
      <Statistic Action="Run 'Vieques Service - Docker'">
        <Item>
          <IdeaActionID>Run</IdeaActionID>
          <ShortCut>'⇧F10'</ShortCut>
          <Description>Run 'Vieques Service - Docker'</Description>
          <Count>2</Count>
        </Item>
      </Statistic>
      <Statistic Action="Run 'com.virginpulse.rewards.processing.storm.RewardsProcessorDebuggingTool'">
        <Item>
          <IdeaActionID>Run</IdeaActionID>
          <ShortCut>'⇧F10'</ShortCut>
          <Description>Run 'com.virginpulse.rewards.processing.storm.RewardsProcessorDebuggingTool'</Description>
          <Count>3</Count>
        </Item>
      </Statistic>
      <Statistic Action="Run to Cursor">
        <Item>
          <IdeaActionID>RunToCursor</IdeaActionID>
          <ShortCut>'⌥F9'</ShortCut>
          <Description>Run to Cursor</Description>
          <Count>1</Count>
        </Item>
      </Statistic>
      <Statistic Action="Run...">
        <Item>
          <IdeaActionID>ChooseRunConfiguration</IdeaActionID>
          <ShortCut>'⌥⇧F10'</ShortCut>
          <Description>Run...</Description>
          <Count>8</Count>
        </Item>
      </Statistic>
      <Statistic Action="Save All">
        <Item>
          <IdeaActionID>SaveAll</IdeaActionID>
          <ShortCut>'⌘S'</ShortCut>
          <Description>Save All</Description>
          <Count>3</Count>
        </Item>
      </Statistic>
      <Statistic Action="Step Out">
        <Item>
          <IdeaActionID>StepOut</IdeaActionID>
          <ShortCut>'⇧F8'</ShortCut>
          <Description>Step Out</Description>
          <Count>15</Count>
        </Item>
      </Statistic>
      <Statistic Action="Step Over">
        <Item>
          <IdeaActionID>StepOver</IdeaActionID>
          <ShortCut>'F8'</ShortCut>
          <Description>Step Over</Description>
          <Count>77</Count>
        </Item>
      </Statistic>
      <Statistic Action="Stop 'Local RewardsProcessorDebuggingTool DEBUG'">
        <Item>
          <IdeaActionID>Stop</IdeaActionID>
          <ShortCut>'⌘F2'</ShortCut>
          <Description>Stop 'Local RewardsProcessorDebuggingTool DEBUG'</Description>
          <Count>1</Count>
        </Item>
      </Statistic>
      <Statistic Action="Stop 'Rewards API (v2 Rewards) - Docker'">
        <Item>
          <IdeaActionID>Stop</IdeaActionID>
          <ShortCut>'⌘F2'</ShortCut>
          <Description>Stop 'Rewards API (v2 Rewards) - Docker'</Description>
          <Count>3</Count>
        </Item>
      </Statistic>
      <Statistic Action="Stop 'Vieques Service - Docker'">
        <Item>
          <IdeaActionID>Stop</IdeaActionID>
          <ShortCut>'⌘F2'</ShortCut>
          <Description>Stop 'Vieques Service - Docker'</Description>
          <Count>1</Count>
        </Item>
      </Statistic>
      <Statistic Action="Structure">
        <Item>
          <IdeaActionID>ActivateStructureToolWindow</IdeaActionID>
          <ShortCut>'⌘7'</ShortCut>
          <Description>Structure</Description>
          <Count>28</Count>
        </Item>
      </Statistic>
      <Statistic Action="TODO">
        <Item>
          <IdeaActionID>ActivateTODOToolWindow</IdeaActionID>
          <ShortCut>'⌘6'</ShortCut>
          <Description>TODO</Description>
          <Count>5</Count>
        </Item>
      </Statistic>
      <Statistic Action="Test">
        <Item>
          <IdeaActionID>GotoTest</IdeaActionID>
          <ShortCut>'⇧⌘T'</ShortCut>
          <Description>Test</Description>
          <Count>8</Count>
        </Item>
      </Statistic>
      <Statistic Action="Toggle Line Breakpoint">
        <Item>
          <IdeaActionID>ToggleLineBreakpoint</IdeaActionID>
          <ShortCut>'⌘F8'</ShortCut>
          <Description>Toggle Line Breakpoint</Description>
          <Count>76</Count>
        </Item>
      </Statistic>
      <Statistic Action="Unmark Object">
        <Item>
          <IdeaActionID>Debugger.MarkObject</IdeaActionID>
          <ShortCut>'⌥D' or '⌘F11'</ShortCut>
          <Description>Unmark Object</Description>
          <Count>1</Count>
        </Item>
      </Statistic>
    </option>
  </component>
</application>