<application>
  <component name="NodeJsLocalInterpreters">
    <local-interpreter path="/usr/local/bin/node">
      <version-cache version="10.15.3" last-modified="1555968510000" />
    </local-interpreter>
    <local-interpreter path="/usr/local/Cellar/node/12.3.1/bin/node">
      <version-cache version="12.3.1" last-modified="1559076694000" />
    </local-interpreter>
    <local-interpreter path="$USER_HOME$/.nvm/versions/node/v10.15.3/bin/node">
      <version-cache version="10.15.3" last-modified="1551798857000" />
    </local-interpreter>
    <local-interpreter path="$USER_HOME$/.nvm/versions/node/v8.16.0/bin/node">
      <version-cache version="8.16.0" last-modified="1555441057000" />
    </local-interpreter>
    <local-interpreter path="$USER_HOME$/.nvm/versions/node/v8.12.0/bin/node">
      <version-cache version="8.12.0" last-modified="1536605058000" />
    </local-interpreter>
  </component>
  <component name="NotRoamableUiSettings">
    <option name="fontFace" value=".SFNSText-Regular" />
  </component>
  <component name="OpenF">
    <option name="FILE_EXPLORER" value="konqueror" />
  </component>
  <component name="PropertiesComponent">
    <property name="CUSTOMIZE_ACTIONS" value="Back nav&#10;forward" />
    <property name="ColorChooser.RecentColors" value="232-169-243-255,,,140-243-167-255,,,243-108-205-255,,,0-217-243-255,,,228-226-233-143,,,228-226-233-245,,,169-0-206-184,,,44-118-122-255,,,255-254-250-255,,,176-0-131-103,,,255-0-188-51,,,46-113-164-255,,,151-112-0-255,,,188-127-0-255,,,149-0-8-255,,,15-204-0-255,,,55-31-25-255,,,188-105-0-255,,,54-108-82-255,,,21-42-32-255" />
    <property name="CommitChangeListDialog.DETAILS_SPLITTER_PROPORTION_2" value="0.6197183" />
    <property name="DBE.Default.Dialect" value="" />
    <property name="Default.SavedEditorTheme" value="_@user_Default" />
    <property name="ExpandBeforeRunStepsPanel" value="true" />
    <property name="ExpandRunDashboardTypesPanel" value="false" />
    <property name="FileTemplates.SelectedTemplate" value="Interface" />
    <property name="FrameworksFinderRecursivePanel[0]" value="0.147929" />
    <property name="GradleModuleWizard.inheritGroupId" value="true" />
    <property name="GradleModuleWizard.inheritVersion" value="true" />
    <property name="INSPECTION_FILTER_HISTORY" value="type arguments&#10;explicit type&#10;kotlin style type" />
    <property name="InstalledPluginsSearchHistory" value="index" />
    <property name="JUnit.Splitter.Proportion" value="0.41728213" />
    <property name="JUnitSupport.hidePassedTests" value="false" />
    <property name="JUnitSupport.scrollToSource" value="true" />
    <property name="KEYMAP" value="F11" />
    <property name="MemberChooser.copyJavadoc" value="false" />
    <property name="MemberChooser.showClasses" value="true" />
    <property name="PluginConfigurable.selectionTab" value="1" />
    <property name="SettingsSearchHistory" value="window&#10;tear&#10;line color&#10;heap&#10;memory" />
    <property name="ShowDocumentationInToolWindow" value="false" />
    <property name="SpringBeansModulesPanel[0]" value="0.22026432" />
    <property name="SqlStructureView.filterD.file.structure.state" value="true" />
    <property name="TestNG.Splitter.Proportion" value="0.4047619" />
    <property name="TestNGSupport.hideConfig" value="true" />
    <property name="TestNGSupport.hidePassedTests" value="false" />
    <property name="TrendingPluginsSearchHistory" value="spring boot configuration&#10;angularjs&#10;sonar&#10;tag:Languages&#10;sortBy:featured" />
    <property name="build.toolwindow.Build Output.selection.state" value="com.intellij.build.BuildTreeConsoleView" />
    <property name="build.toolwindow.Sync.selection.state" value="com.intellij.build.BuildTreeConsoleView" />
    <property name="color.picker.is.hsb" value="true" />
    <property name="com.intellij.history.integration.ui.views.FileHistoryDialog.0" value="300" />
    <property name="com.intellij.history.integration.ui.views.FileHistoryDialog.1" value="800" />
    <property name="com.intellij.openapi.roots.ui.configuration.TabbedModuleEditor.selectedEditor" value="Sources" />
    <property name="com.intellij.remoteServer.impl.runtime.ui.ServersToolWindowContent:com.intellij.docker.view.DockerViewContribution.0" value="300" />
    <property name="create.project.preferred.importer" value="Gradle" />
    <property name="debugger.kotlin.variable.view" value="true" />
    <property name="decompiler.legal.notice.accepted" value="true" />
    <property name="defaultJdkConfigured" value="true" />
    <property name="exception.accepted.notices" value="182193a2" />
    <property name="export.settings.path" value="$USER_HOME$/Documents/IntelliJIdea2019.1_all_settings.zip" />
    <property name="favorites.view.settings.abbreviate.qualified.package.names" value="false" />
    <property name="favorites.view.settings.autoscroll.from.source" value="true" />
    <property name="favorites.view.settings.autoscroll.to.source" value="false" />
    <property name="favorites.view.settings.flatten.packages" value="false" />
    <property name="favorites.view.settings.hide.empty.middle.packages" value="true" />
    <property name="favorites.view.settings.show.members" value="true" />
    <property name="file.chooser.recent.files" value="$USER_HOME$/genesis-projects&#10;/home" />
    <property name="file.gist.reindex.count" value="307039" />
    <property name="fileTypeChangedCounter" value="25" />
    <property name="idea.background.editor" value="$USER_HOME$/Pictures/screensaver/the-slits.Ari-Up.jpg,8,scale,top_center" />
    <property name="installed.kotlin.plugin.version" value="1.3.41-release-IJ2019.1-1" />
    <property name="java.module.default.source.root" value="src" />
    <property name="jdk.selected.JAVA_MODULE" value="1.8" />
    <property name="kotlin.lastUpdateCheck" value="1563206708009" />
    <property name="kotlin.plugin.releaseDate" value="1.3.41-release-IJ2019.1-1:2019-07-03" />
    <property name="last.imported.location" value="$USER_HOME$/genesis-projects/vieques-client-admin-ui" />
    <property name="lastTip" value="63" />
    <property name="mt.showStatisticsAgreement" value="true" />
    <property name="org.intellij.images.editor.actions.BackgroundImageDialog#recent" value="$USER_HOME$/Pictures/siouxsie-2.jpg&#10;/Users/nsolyntjes/Pictures/screensaver/the-slits.Ari-Up.jpg" />
    <property name="project.wizard.group" value="org.jetbrains.plugins.gradle.service.project.wizard.GradleModuleBuilder" />
    <property name="project.wizard.template" value="JVM | IDEA" />
    <property name="quick.doc.font.size" value="SMALL" />
    <property name="scala.last.updated" value="1557526773751" />
    <property name="selected.color.option.type" value="SELECTED_TEARLINE_COLOR" />
    <property name="settings.code.style.selected.tab.JavaScript" value="Imports" />
    <property name="settings.code.style.selected.tab.PHP" value="Code Conversion" />
    <property name="settings.code.style.selected.tab.SQL" value="Code Generation" />
    <property name="settings.code.style.selected.tab.TypeScript" value="Imports" />
    <property name="settings.code.style.selected.tab.kotlin" value="Wrapping and Braces" />
    <property name="structural.search.match.case" value="true" />
    <property name="structural.search.recursive" value="true" />
    <property name="tasks.pass.word.conversion.enforced" value="true" />
    <property name="ts.lib.d.ts.version" value="3.4.1" />
  </component>
  <component name="TeamCityHistory">
    <option name="HISTORY" value="http://build.virginpulse.com&amp;^%$#@nate.solyntjes@#$%^&amp;http://buildserver&amp;^%$#@nate.solyntjes@virginpulse.com" />
  </component>
  <component name="WebServicesPluginSettings" MemorySizeToLaunchVM="256" />
</application>