<keymap version="1" name="Mac OS X copy" parent="Mac OS X">
  <action id="CloseActiveTab">
    <keyboard-shortcut first-keystroke="meta w" />
  </action>
  <action id="CloseContent">
    <keyboard-shortcut first-keystroke="meta f4" />
    <keyboard-shortcut first-keystroke="meta w" />
  </action>
  <action id="EditorSelectWord" />
  <action id="GotoNextBookmark">
    <keyboard-shortcut first-keystroke="shift alt d" />
    <keyboard-shortcut first-keystroke="shift meta f11" />
  </action>
  <action id="Scala.ShowImplicits">
    <keyboard-shortcut first-keystroke="shift ctrl alt equals" />
    <keyboard-shortcut first-keystroke="shift ctrl alt add" />
  </action>
  <action id="ShowBookmarks" />
  <action id="ToggleBookmark">
    <keyboard-shortcut first-keystroke="alt d" />
    <keyboard-shortcut first-keystroke="meta f11" />
  </action>
  <action id="ToggleBookmarkWithMnemonic" />
  <action id="ToggleInlineHintsAction">
    <keyboard-shortcut first-keystroke="alt space" />
  </action>
  <action id="hg4idea.QFold" />
</keymap>