<application>
  <component name="CodeFoldingSettings">
    <option name="COLLAPSE_DOC_COMMENTS" value="true" />
  </component>
  <component name="CodeInsightSettings">
    <option name="PARAMETER_INFO_DELAY" value="700" />
    <option name="AUTO_POPUP_JAVADOC_INFO" value="true" />
    <option name="REFORMAT_BLOCK_ON_RBRACE" value="false" />
    <option name="ADD_UNAMBIGIOUS_IMPORTS_ON_THE_FLY" value="true" />
    <option name="JSP_ADD_UNAMBIGIOUS_IMPORTS_ON_THE_FLY" value="true" />
    <EXCLUDED_PACKAGE NAME="org.elasticsearch.index.mapper" />
  </component>
  <component name="DefaultFont">
    <option name="FONT_SIZE" value="15" />
    <option name="FONT_FAMILY" value="Ubuntu Mono" />
    <option name="SECONDARY_FONT_FAMILY" value="Droid Sans Mono" />
  </component>
  <component name="EditorSettings">
    <option name="USE_SOFT_WRAPS" value="MAIN_EDITOR:CONSOLE:PREVIEW" />
    <option name="SOFT_WRAP_FILE_MASKS" value="*.md; *.txt; *.rst; *.adoc; *.kt, *.sql, *.cql, *.properties, *.java, *.kt, *.feature" />
    <option name="IS_INNER_WHITESPACES_SHOWN" value="false" />
    <option name="IS_ALL_SOFTWRAPS_SHOWN" value="true" />
    <option name="IS_WHEEL_FONTCHANGE_ENABLED" value="true" />
  </component>
  <component name="JSCodeFoldingSettings">
    <option name="collapseOneLineFunctions" value="true" />
  </component>
  <component name="JavaCodeFoldingSettings">
    <option name="collapseEndOfLineComments" value="true" />
    <option name="collapseMultilineComments" value="true" />
  </component>
  <component name="ScalaCodeFoldingSettings">
    <option name="collapseMultilineBlocks" value="true" />
  </component>
</application>