<application>
  <component name="FileTypeManager" version="17">
    <extensionMap>
      <mapping pattern="*bash.fxns.d/*" type="Bash" />
      <mapping pattern="gradlew" type="Bash" />
      <mapping pattern="$.aliases" type="Bash" />
      <mapping ext="fxn" type="Bash" />
      <mapping ext="main.kts" type="Kotlin" />
      <mapping ext="gradle.kts" type="Kotlin" />
      <mapping pattern="aoeu" type="PLAIN_TEXT" />
      <mapping pattern="add_tertiary_threshold_to_rewardable_action.sql" type="PLAIN_TEXT" />
      <mapping pattern="eng-932" type="PLAIN_TEXT" />
      <removed_mapping ext="log" approved="true" type="PLAIN_TEXT" />
      <removed_mapping ext="bat" approved="true" type="PLAIN_TEXT" />
      <removed_mapping ext="cmd" approved="true" type="PLAIN_TEXT" />
      <removed_mapping ext="bat" approved="true" type="PLAIN_TEXT" />
      <removed_mapping ext="log" approved="true" type="PLAIN_TEXT" />
      <removed_mapping ext="dockerfile" approved="true" type="textmate" />
      <removed_mapping ext="makefile" approved="true" type="textmate" />
      <removed_mapping ext="cmd" approved="true" type="PLAIN_TEXT" />
      <removed_mapping ext="snakefile" approved="true" type="textmate" />
    </extensionMap>
  </component>
</application>