<application>
  <component name="FindSettings">
    <option name="customScope" value="All Places" />
    <option name="defaultScopeName" value="All Places" />
    <option name="localRegularExpressions" value="true" />
    <option name="regularExpressions" value="true" />
    <option name="searchOverloadedMethods" value="true" />
    <option name="showResultsInSeparateView" value="true" />
    <option name="SEARCH_OVERLOADED_METHODS" value="true" />
    <option name="REGULAR_EXPRESSIONS" value="true" />
    <option name="LOCAL_REGULAR_EXPRESSIONS" value="true" />
    <option name="SHOW_RESULTS_IN_SEPARATE_VIEW" value="true" />
    <option name="SEARCH_SCOPE" value="All Places" />
    <option name="FILE_MASK" value="*.java, *.kt, *.cs" />
    <mask>*.css</mask>
    <mask>*.html</mask>
    <mask>*.jsp</mask>
    <mask>*.properties</mask>
    <mask>*.java</mask>
    <mask>*.java, *.kt, *.js, *.ts</mask>
    <mask>*.js, *.ts</mask>
    <mask>*dao*, *eposit*, *ontroller*, *resource*</mask>
    <mask>*.scss, *css</mask>
    <mask>*Test.java, *Test.kt</mask>
    <mask>*.html, *.ts</mask>
    <mask>*Test.java, *Test.kt, *Builder.kt, *Builder.java</mask>
    <mask>*Dao.kt, *Resource.java</mask>
    <mask>*.js, *.ts, *.html, *.scss, *css</mask>
    <mask>*.xml</mask>
    <mask>*.xml,*yml</mask>
    <mask>!*.json</mask>
    <mask>*.js, *.ts, *.html, !scripts.js</mask>
    <mask>!scripts.js, !replace.js, !*bundle.js, !*_i18n_*sql, !*_i18n_*xml, !*_translations_*</mask>
    <mask>*.java, *.kt</mask>
    <mask>*.sql, *.xml</mask>
    <mask>!scripts.js, !replace.js, !*bundle.js</mask>
    <mask>*.js, *.ts, *.html, !scripts.js, !replace.js</mask>
    <mask>*.java, *.kt, *.cs</mask>
  </component>
</application>