<application>
  <component name="GeneralSettings">
    <option name="confirmExit" value="false" />
    <option name="confirmOpenNewProject2" value="0" />
    <option name="defaultProjectDirectory" value="$USER_HOME$/genesis-projects" />
    <option name="processCloseConfirmation" value="TERMINATE" />
    <option name="searchInBackground" value="true" />
    <option name="showTipsOnStartup" value="false" />
  </component>
  <component name="Registry">
    <entry key="ide.balloon.shadow.size" value="0" />
    <entry key="SBT.system.in.process" value="true" />
    <entry key="BSP.experimental.feature.enabled" value="false" />
    <entry key="BSP.system.in.process" value="true" />
    <entry key="ide.tooltip.initialDelay" value="644" />
    <entry key="ide.windowSystem.autoShowProcessPopup" value="true" />
    <entry key="ide.mac.allowDarkWindowDecorations" value="true" />
    <entry key="ide.tree.ui.experimental" value="false" />
  </component>
  <component name="StatusBar">
    <option name="widgets">
      <map>
        <entry key="Memory" value="true" />
      </map>
    </option>
  </component>
</application>