<application>
  <component name="NodeJsLocalInterpreters">
    <local-interpreter path="/usr/local/bin/node" />
    <local-interpreter path="/usr/local/Cellar/node/12.3.1/bin/node" />
    <local-interpreter path="$USER_HOME$/.nvm/versions/node/v10.15.3/bin/node">
      <version-cache version="10.15.3" last-modified="1551798857000" />
    </local-interpreter>
    <local-interpreter path="$USER_HOME$/.nvm/versions/node/v8.16.0/bin/node">
      <version-cache version="8.16.0" last-modified="1555441057000" />
    </local-interpreter>
    <local-interpreter path="$USER_HOME$/.nvm/versions/node/v8.12.0/bin/node">
      <version-cache version="8.12.0" last-modified="1536605058000" />
    </local-interpreter>
  </component>
  <component name="NotRoamableUiSettings">
    <option name="fontFace" value=".SFNSText" />
  </component>
  <component name="OpenF">
    <option name="FILE_EXPLORER" value="konqueror" />
  </component>
  <component name="PropertiesComponent">
    <property name="BuildView.Splitter.Proportion" value="0.5174632" />
    <property name="CUSTOMIZE_ACTIONS" value="Rebuild proje&#10;Back nav&#10;forward" />
    <property name="ColorChooser.RecentColors" value="24-108-215-255,,,206-144-92-255,,,168-255-229-255,,,32-33-43-255,,,116-30-133-255,,,116-135-194-255,,,148-170-239-255,,,46-58-89-255,,,70-133-90-255,,,10-32-15-255,,,21-81-158-190,,,21-81-158-140,,,27-114-207-140,,,29-29-29-255,,,33-66-43-255,,,15-42-44-255,,,45-90-58-255,,,21-21-28-80,,,24-92-55-255,,,22-22-29-255" />
    <property name="CommitChangeListDialog.DETAILS_SPLITTER_PROPORTION_2" value="0.622807" />
    <property name="Copy.OpenInEditor" value="true" />
    <property name="DBE.Default.Dialect" value="PostgreSQL" />
    <property name="Default.SavedEditorTheme" value="_@user_Default" />
    <property name="Endpoints_Group[0]" value="0.31584063" />
    <property name="ExpandBeforeRunStepsPanel" value="true" />
    <property name="ExpandRunDashboardTypesPanel" value="false" />
    <property name="ExternalToolDialog.advanced.expanded" value="true" />
    <property name="FileTemplates.CurrentTab" value="Other" />
    <property name="FileTemplates.SelectedTemplate" value="HTML File" />
    <property name="FindSplitterProportion" value="0.3485342" />
    <property name="FrameworksFinderRecursivePanel[0]" value="0.147929" />
    <property name="Gradle.Splitter.Proportion" value="0.45947802" />
    <property name="GradleModuleWizard.inheritGroupId" value="true" />
    <property name="GradleModuleWizard.inheritVersion" value="true" />
    <property name="GradleSupport.hidePassedTests" value="false" />
    <property name="GradleSupport.showInternalTestNodes" value="false" />
    <property name="GradleSupport.sortTestsAlphabetically" value="false" />
    <property name="INSPECTION_FILTER_HISTORY" value="type arguments&#10;explicit type&#10;kotlin style type" />
    <property name="InstalledPluginsSearchHistory" value="imports&#10;weak warn&#10;weak war&#10;weak wa&#10;weak w" />
    <property name="JSHintOptionsTreeView.TREE_SCROLL_BAR_HORIZONTAL" value="17" />
    <property name="JSHintOptionsTreeView.TREE_SCROLL_BAR_VERTICAL" value="0" />
    <property name="JSHintOptionsTreeView.TREE_SELECTED_NODE_ID" value="1" />
    <property name="JUnit.Splitter.Proportion" value="0.44567218" />
    <property name="JUnitSupport.hidePassedTests" value="false" />
    <property name="JUnitSupport.scrollToSource" value="true" />
    <property name="JUnitSupport.selectFirtsDefect" value="false" />
    <property name="KEYMAP" value="F11" />
    <property name="LAST_INJECTED_LANGUAGE" value="JSON" />
    <property name="LiveContextsPanel[0]" value="0.16542597" />
    <property name="LiveContextsPanel[1]" value="0.1984127" />
    <property name="LiveContextsPanel[2]" value="0.24783148" />
    <property name="MarketplacePluginsSearchHistory" value="facets&#10;quick doc&#10;resharp&#10;.net&#10;net" />
    <property name="MemberChooser.copyJavadoc" value="false" />
    <property name="MemberChooser.showClasses" value="true" />
    <property name="MultipleBuildsView.Splitter.Proportion" value="1.0" />
    <property name="PluginConfigurable.selectionTab" value="1" />
    <property name="RunConfigurable.dividerProportion" value="0.3545098" />
    <property name="SettingsSearchHistory" value="import&#10;close&#10;soft-wrap&#10;imports&#10;snapshotter" />
    <property name="ShowDocumentationInToolWindow" value="false" />
    <property name="SingleInspectionProfilePanel.VERTICAL_DIVIDER_PROPORTION" value="0.31703204" />
    <property name="SplitFileEditor.Proportion" value="0.68871593" />
    <property name="SpringBeansModulesPanel[0]" value="0.17589821" />
    <property name="SpringBeansModulesPanel[1]" value="0.10363636" />
    <property name="SpringBeansModulesPanel[2]" value="0.27817258" />
    <property name="SpringBeansModulesPanel[3]" value="0.41493776" />
    <property name="SpringMvcModulesPanel[0]" value="0.3671875" />
    <property name="SpringMvcModulesPanel[1]" value="0.18535681" />
    <property name="SpringRepositoriesModulesPanel[0]" value="0.33451328" />
    <property name="SpringRepositoriesModulesPanel[1]" value="0.26666668" />
    <property name="SpringRepositoriesModulesPanel[2]" value="0.36429873" />
    <property name="SqlStructureView.filterD.file.structure.state" value="true" />
    <property name="TestNG.Splitter.Proportion" value="0.3164557" />
    <property name="TestNGSupport.hideConfig" value="true" />
    <property name="TestNGSupport.hidePassedTests" value="false" />
    <property name="TestNGSupport.scrollToStackTrace" value="true" />
    <property name="TrendingPluginsSearchHistory" value="spring&#10;spring boot configuration&#10;angularjs&#10;sonar&#10;tag:Languages" />
    <property name="appcds.runOnSecondStart" value="IU-201.7846.76-0a9bcaeec1119d2cff53e5b1178597547f28f1880412025dd5b391ea1f7b9e94" />
    <property name="build.toolwindow.Build Output.selection.state" value="com.intellij.build.BuildTreeConsoleView" />
    <property name="build.toolwindow.Sync.selection.state" value="com.intellij.build.BuildTreeConsoleView" />
    <property name="build.toolwindow.run.selection.state" value="com.intellij.build.BuildTreeConsoleView" />
    <property name="build.toolwindow.show.successful.steps.selection.state" value="true" />
    <property name="com.intellij.history.integration.ui.views.DirectoryHistoryDialog.0" value="300" />
    <property name="com.intellij.history.integration.ui.views.FileHistoryDialog.0" value="300" />
    <property name="com.intellij.history.integration.ui.views.FileHistoryDialog.1" value="800" />
    <property name="com.intellij.history.integration.ui.views.SelectionHistoryDialog.0" value="300" />
    <property name="com.intellij.history.integration.ui.views.SelectionHistoryDialog.1" value="800" />
    <property name="com.intellij.openapi.roots.ui.configuration.TabbedModuleEditor.selectedEditor" value="Dependencies" />
    <property name="com.intellij.remoteServer.impl.runtime.ui.ServersToolWindowContent:com.intellij.docker.view.DockerViewContribution.0" value="300" />
    <property name="create.project.preferred.importer" value="Maven" />
    <property name="create.test.in.the.same.root" value="true" />
    <property name="debugger.kotlin.variable.view" value="true" />
    <property name="debugger.smart.chooser.counter" value="3" />
    <property name="decompiler.legal.notice.accepted" value="true" />
    <property name="defaultJdkConfigured" value="true" />
    <property name="disable.forced.soft.wraps.notification" value="true" />
    <property name="es6.show.auto.import" value="true" />
    <property name="exception.accepted.notices" value="182193a2" />
    <property name="export.settings.marked" value="scala_config.xml|ui.lnf.xml|colors.scheme.xml|colors|laf.xml|markdown.xml|material_custom_theme.xml|material_theme.xml|customization.xml|debugger.xml|projectView.xml|updates.xml|wsl.distributions.xml|" />
    <property name="export.settings.path" value="$USER_HOME$/miscellany/IntelliJIdea2010.1.2_all_settings_after_fix_editor_colors_and_syntax" />
    <property name="favorites.view.settings.abbreviate.qualified.package.names" value="false" />
    <property name="favorites.view.settings.autoscroll.from.source" value="true" />
    <property name="favorites.view.settings.autoscroll.to.source" value="false" />
    <property name="favorites.view.settings.flatten.packages" value="true" />
    <property name="favorites.view.settings.hide.empty.middle.packages" value="true" />
    <property name="favorites.view.settings.show.members" value="true" />
    <property name="file.chooser.recent.files" value="$USER_HOME$/genesis-projects/genesis-idenity-access-management/themes/virginpulse/app&#10;/Users/nsolyntjes/genesis-projects/genesis-idenity-access-management/themes&#10;/Users/nsolyntjes/genesis-projects/data-ingestion&#10;/Users/nsolyntjes/genesis-projects/genesis-auto-tests&#10;/Users/nsolyntjes/genesis-projects&#10;/home" />
    <property name="file.gist.reindex.count" value="873414" />
    <property name="fileTypeChangedCounter" value="139" />
    <property name="find.popup.splitter" value="0.5856164" />
    <property name="ide.memory.adjusted" value="true" />
    <property name="ide.self.update.started.for.build" value="IU-193.7288.26" />
    <property name="installed.kotlin.plugin.version" value="1.3.72-release-IJ2020.1-5" />
    <property name="java.module.default.source.root" value="src" />
    <property name="jdk.selected.JAVA_MODULE" value="1.8" />
    <property name="js.overrides.completion" value="true" />
    <property name="js.rename.search.for.text.occurrences" value="true" />
    <property name="js.rename.search.in.comments" value="false" />
    <property name="js.var.names.completion" value="false" />
    <property name="js.var.names.completion.kind" value="NAMES_ONLY" />
    <property name="kotlin-gradle-user-dirs" value="$USER_HOME$/.gradle" />
    <property name="kotlin.lastUpdateCheck" value="1595266824325" />
    <property name="kotlin.plugin.releaseDate" value="1.3.72-release-IJ2020.1-5:2020-06-17" />
    <property name="last.imported.location" value="$USER_HOME$/genesis-projects/vieques" />
    <property name="last.used.gradle.home" value="/usr/local/Cellar/gradle/5.4.1/libexec" />
    <property name="lastTip" value="67" />
    <property name="mt.showStatisticsAgreement" value="true" />
    <property name="muted.system.shortcut.conflicts.actions" value="NextEditorTab" />
    <property name="org.intellij.images.editor.actions.BackgroundImageDialog#recent" value="$USER_HOME$/Pictures/siouxsie-2.jpg&#10;/Users/nsolyntjes/Pictures/screensaver/the-slits.Ari-Up.jpg" />
    <property name="packagesearch.endpoint.url.fulltext" value="https://package-search.services.jetbrains.com/api/search/idea/fulltext" />
    <property name="packagesearch.endpoint.url.suggest" value="https://package-search.services.jetbrains.com/api/search/idea/suggest" />
    <property name="packagesearch.status.updated.ts" value="1595267080565" />
    <property name="project.wizard.group" value="Kotlin" />
    <property name="project.wizard.template" value="JVM | IDEA" />
    <property name="quick.doc.font.size.v3" value="X_SMALL" />
    <property name="scala.last.updated" value="1575915056509" />
    <property name="selected.color.option.type" value="CONSOLE_BACKGROUND_KEY" />
    <property name="settings.code.style.selected.tab.ECMA Script Level 4" value="Blank Lines" />
    <property name="settings.code.style.selected.tab.EditorConfig" value="Wrapping and Braces" />
    <property name="settings.code.style.selected.tab.JAVA" value="Imports" />
    <property name="settings.code.style.selected.tab.JavaScript" value="Imports" />
    <property name="settings.code.style.selected.tab.PHP" value="Code Conversion" />
    <property name="settings.code.style.selected.tab.Python" value="Imports" />
    <property name="settings.code.style.selected.tab.SQL" value="Code Generation" />
    <property name="settings.code.style.selected.tab.Scala" value="Imports" />
    <property name="settings.code.style.selected.tab.TypeScript" value="Imports" />
    <property name="settings.code.style.selected.tab.kotlin" value="Wrapping and Braces" />
    <property name="show.vcs.annotation.aspect.Commit number" value="false" />
    <property name="show.vcs.annotation.aspect.Revision" value="false" />
    <property name="structural.search.match.case" value="true" />
    <property name="structural.search.recursive" value="true" />
    <property name="tasks.pass.word.conversion.enforced" value="true" />
    <property name="ts.lib.d.ts.version" value="3.8.2" />
    <property name="typescript.show.auto.import" value="true" />
    <property name="vcs.history.diff.splitter.proportion" value="0.23802716" />
  </component>
  <component name="ReactorNotificationsSettings">
    <option name="debugNotificationEnabled" value="false" />
  </component>
  <component name="TeamCityHistory">
    <option name="HISTORY" value="http://build.virginpulse.com&amp;^%$#@nate.solyntjes@#$%^&amp;http://buildserver&amp;^%$#@nate.solyntjes@virginpulse.com" />
  </component>
  <component name="WebServicesPluginSettings" MemorySizeToLaunchVM="256" />
</application>