<application>
  <component name="ProjectManager">
    <defaultProject>
      <component name="BookmarkManager">
        <bookmark url="file://$USER_HOME$/genesis-projects/vieques-daemons/emails/src/main/java/com/virginpulse/vieques/emails/handlers/memberstatus/MemberTerminationBySponsorWithCreditsEmailHandler.java" description="@Override" line="17" />
      </component>
      <component name="ComposerJsonPluginSettings">
        <unboundedVersionInspectionSettings>
          <excludedPackages />
        </unboundedVersionInspectionSettings>
        <customRepositories />
        <composerUpdateOptions />
      </component>
      <component name="DefaultGradleProjectSettings">
        <option name="testRunner" value="GRADLE" />
        <option name="delegatedBuild" value="true" />
      </component>
      <component name="GradleLocalSettings">
        <option name="projectSyncType">
          <map>
            <entry key="$USER_HOME$/genesis-projects/genesis-rewards" value="PREVIEW" />
          </map>
        </option>
      </component>
      <component name="NamedScopeManager">
        <scope name="Don't Optimize Imports" pattern="genesis-auto-tests/api-cucumber-tests/" />
      </component>
      <component name="ProjectViewState">
        <option name="abbreviatePackageNames" value="true" />
        <option name="autoscrollFromSource" value="true" />
        <option name="flattenPackages" value="true" />
        <option name="foldersAlwaysOnTop" value="false" />
        <option name="hideEmptyMiddlePackages" value="true" />
        <option name="showLibraryContents" value="true" />
      </component>
      <component name="PropertiesComponent">
        <property name="nodejs_interpreter_path.stuck_in_default_project" value="undefined stuck path" />
        <property name="nodejs_npm_path_reset_for_default_project" value="true" />
        <property name="settings.editor.selected.configurable" value="preferences.pluginManager" />
      </component>
      <component name="masterDetails">
        <states>
          <state key="ProjectJDKs.UI">
            <settings>
              <last-edited>1.8</last-edited>
              <splitter-proportions>
                <option name="proportions">
                  <list>
                    <option value="0.2" />
                  </list>
                </option>
              </splitter-proportions>
            </settings>
          </state>
          <state key="ScopeChooserConfigurable.UI">
            <settings>
              <last-edited>Don't Optimize Imports</last-edited>
              <splitter-proportions>
                <option name="proportions">
                  <list>
                    <option value="0.2" />
                  </list>
                </option>
              </splitter-proportions>
              <order>
                <scope name="Don't Optimize Imports" />
              </order>
            </settings>
          </state>
        </states>
      </component>
    </defaultProject>
  </component>
</application>