<keymap version="1" name="Mac OS X copy" parent="Mac OS X">
  <action id="CloseActiveTab">
    <keyboard-shortcut first-keystroke="meta w" />
  </action>
  <action id="CloseContent">
    <keyboard-shortcut first-keystroke="meta f4" />
    <keyboard-shortcut first-keystroke="meta w" />
  </action>
  <action id="EditorSelectWord" />
  <action id="EditorToggleUseSoftWraps">
    <keyboard-shortcut first-keystroke="alt v" second-keystroke="w" />
  </action>
  <action id="FileChooser.ShowHiddens">
    <keyboard-shortcut first-keystroke="ctrl meta h" />
  </action>
  <action id="GotoNextBookmark">
    <keyboard-shortcut first-keystroke="shift meta f11" />
    <keyboard-shortcut first-keystroke="ctrl d" />
  </action>
  <action id="GotoPreviousBookmark">
    <keyboard-shortcut first-keystroke="shift meta alt f11" />
    <keyboard-shortcut first-keystroke="shift ctrl d" />
  </action>
  <action id="GotoSuperMethod" />
  <action id="GuiDesigner.CreateListener" />
  <action id="JavaScriptDebugger.OpenUrl">
    <keyboard-shortcut first-keystroke="meta u" />
  </action>
  <action id="MainMenu">
    <keyboard-shortcut first-keystroke="alt f" />
  </action>
  <action id="MethodHierarchy.OverrideMethodAction" />
  <action id="OpenFile">
    <keyboard-shortcut first-keystroke="meta o" />
  </action>
  <action id="OverrideMethods" />
  <action id="Scala.ExpandImplicits">
    <keyboard-shortcut first-keystroke="shift ctrl alt equals" />
    <keyboard-shortcut first-keystroke="shift ctrl alt add" />
  </action>
  <action id="Scala.ShowImplicits">
    <keyboard-shortcut first-keystroke="shift ctrl alt minus" />
    <keyboard-shortcut first-keystroke="shift ctrl alt subtract" />
  </action>
  <action id="ShowBookmarks" />
  <action id="ToggleBookmark">
    <keyboard-shortcut first-keystroke="meta f11" />
    <keyboard-shortcut first-keystroke="ctrl alt d" />
  </action>
  <action id="ToggleBookmarkWithMnemonic" />
  <action id="ToggleInlineHintsAction">
    <keyboard-shortcut first-keystroke="alt space" />
  </action>
  <action id="android.deploy.ApplyChanges">
    <keyboard-shortcut first-keystroke="ctrl meta r" />
  </action>
  <action id="android.deploy.CodeSwap">
    <keyboard-shortcut first-keystroke="shift ctrl meta r" />
  </action>
  <action id="hg4idea.QFold" />
</keymap>