<application>
  <component name="libraryTable">
    <library name="junit-4.11">
      <CLASSES>
        <root url="jar://M:/Java_Misc/junit-4.11.jar!/" />
      </CLASSES>
      <JAVADOC />
      <SOURCES />
    </library>
    <library name="Natris_v1-1-1_2012-04-10">
      <CLASSES>
        <root url="jar://D:/Users/njsoly/Dropbox/external-jars/Natris_v1-1-1_2012-04-10.jar!/" />
      </CLASSES>
      <JAVADOC />
      <SOURCES>
        <root url="jar://D:/Users/njsoly/Dropbox/external-jars/Natris_v1-1-1_2012-04-10.jar!/" />
      </SOURCES>
    </library>
    <library name="org.slf4j:slf4j-api:1.7.26" type="repository">
      <properties maven-id="org.slf4j:slf4j-api:1.7.26" />
      <CLASSES>
        <root url="jar://M:/miscellany/kotlin/KotlinMaven/lib/slf4j-api-1.7.26.jar!/" />
      </CLASSES>
      <JAVADOC>
        <root url="jar://M:/miscellany/kotlin/KotlinMaven/lib/slf4j-api-1.7.26-javadoc.jar!/" />
      </JAVADOC>
      <SOURCES>
        <root url="jar://M:/miscellany/kotlin/KotlinMaven/lib/slf4j-api-1.7.26-sources.jar!/" />
      </SOURCES>
    </library>
    <library name="org.slf4j:slf4j-log4j12:1.2" type="repository">
      <properties maven-id="org.slf4j:slf4j-log4j12:1.2" />
      <CLASSES>
        <root url="jar://M:/miscellany/kotlin/KotlinMaven/lib/slf4j-log4j12-1.2.jar!/" />
        <root url="jar://M:/miscellany/kotlin/KotlinMaven/lib/slf4j-api-1.2.jar!/" />
        <root url="jar://M:/miscellany/kotlin/KotlinMaven/lib/log4j-1.2.13.jar!/" />
      </CLASSES>
      <JAVADOC />
      <SOURCES>
        <root url="jar://M:/miscellany/kotlin/KotlinMaven/lib/slf4j-log4j12-1.2-sources.jar!/" />
        <root url="jar://M:/miscellany/kotlin/KotlinMaven/lib/slf4j-api-1.2-sources.jar!/" />
        <root url="jar://M:/miscellany/kotlin/KotlinMaven/lib/log4j-1.2.13-sources.jar!/" />
      </SOURCES>
    </library>
  </component>
</application>