<application>
  <component name="GeneralSettings">
    <option name="confirmExit" value="false" />
    <option name="confirmOpenNewProject2" value="0" />
    <option name="inactiveTimeout" value="300" />
    <option name="processCloseConfirmation" value="TERMINATE" />
    <option name="autoSaveFiles" value="false" />
    <option name="searchInBackground" value="true" />
    <option name="showTipsOnStartup" value="false" />
  </component>
  <component name="Registry">
    <entry key="ide.balloon.shadow.size" value="0" />
    <entry key="SBT.system.in.process" value="true" />
    <entry key="BSP.experimental.feature.enabled" value="false" />
    <entry key="BSP.system.in.process" value="true" />
    <entry key="ide.tooltip.initialDelay" value="747" />
    <entry key="ide.windowSystem.autoShowProcessPopup" value="true" />
    <entry key="ide.mac.allowDarkWindowDecorations" value="true" />
    <entry key="debugger.watches.in.variables" value="false" />
    <entry key="ide.tree.ui.experimental" value="false" />
  </component>
</application>