<application>
  <component name="ProjectJdkTable">
    <jdk version="2">
      <name value="11" />
      <type value="JavaSDK" />
      <version value="java version &quot;11.0.2&quot;" />
      <homePath value="$APPLICATION_HOME_DIR$/jre64" />
      <roots>
        <annotationsPath>
          <root type="composite">
            <root url="jar://$APPLICATION_HOME_DIR$/lib/jdkAnnotations.jar!/" type="simple" />
          </root>
        </annotationsPath>
        <classPath>
          <root type="composite">
            <root url="jrt://C:/pgf/JetBrains/IntelliJ IDEA Edu 2019.1.1/jre64!/java.base" type="simple" />
            <root url="jrt://C:/pgf/JetBrains/IntelliJ IDEA Edu 2019.1.1/jre64!/java.compiler" type="simple" />
            <root url="jrt://C:/pgf/JetBrains/IntelliJ IDEA Edu 2019.1.1/jre64!/java.datatransfer" type="simple" />
            <root url="jrt://C:/pgf/JetBrains/IntelliJ IDEA Edu 2019.1.1/jre64!/java.desktop" type="simple" />
            <root url="jrt://C:/pgf/JetBrains/IntelliJ IDEA Edu 2019.1.1/jre64!/java.instrument" type="simple" />
            <root url="jrt://C:/pgf/JetBrains/IntelliJ IDEA Edu 2019.1.1/jre64!/java.logging" type="simple" />
            <root url="jrt://C:/pgf/JetBrains/IntelliJ IDEA Edu 2019.1.1/jre64!/java.management" type="simple" />
            <root url="jrt://C:/pgf/JetBrains/IntelliJ IDEA Edu 2019.1.1/jre64!/java.management.rmi" type="simple" />
            <root url="jrt://C:/pgf/JetBrains/IntelliJ IDEA Edu 2019.1.1/jre64!/java.naming" type="simple" />
            <root url="jrt://C:/pgf/JetBrains/IntelliJ IDEA Edu 2019.1.1/jre64!/java.net.http" type="simple" />
            <root url="jrt://C:/pgf/JetBrains/IntelliJ IDEA Edu 2019.1.1/jre64!/java.prefs" type="simple" />
            <root url="jrt://C:/pgf/JetBrains/IntelliJ IDEA Edu 2019.1.1/jre64!/java.rmi" type="simple" />
            <root url="jrt://C:/pgf/JetBrains/IntelliJ IDEA Edu 2019.1.1/jre64!/java.scripting" type="simple" />
            <root url="jrt://C:/pgf/JetBrains/IntelliJ IDEA Edu 2019.1.1/jre64!/java.se" type="simple" />
            <root url="jrt://C:/pgf/JetBrains/IntelliJ IDEA Edu 2019.1.1/jre64!/java.security.jgss" type="simple" />
            <root url="jrt://C:/pgf/JetBrains/IntelliJ IDEA Edu 2019.1.1/jre64!/java.security.sasl" type="simple" />
            <root url="jrt://C:/pgf/JetBrains/IntelliJ IDEA Edu 2019.1.1/jre64!/java.smartcardio" type="simple" />
            <root url="jrt://C:/pgf/JetBrains/IntelliJ IDEA Edu 2019.1.1/jre64!/java.sql" type="simple" />
            <root url="jrt://C:/pgf/JetBrains/IntelliJ IDEA Edu 2019.1.1/jre64!/java.sql.rowset" type="simple" />
            <root url="jrt://C:/pgf/JetBrains/IntelliJ IDEA Edu 2019.1.1/jre64!/java.transaction.xa" type="simple" />
            <root url="jrt://C:/pgf/JetBrains/IntelliJ IDEA Edu 2019.1.1/jre64!/java.xml" type="simple" />
            <root url="jrt://C:/pgf/JetBrains/IntelliJ IDEA Edu 2019.1.1/jre64!/java.xml.crypto" type="simple" />
            <root url="jrt://C:/pgf/JetBrains/IntelliJ IDEA Edu 2019.1.1/jre64!/javafx.base" type="simple" />
            <root url="jrt://C:/pgf/JetBrains/IntelliJ IDEA Edu 2019.1.1/jre64!/javafx.controls" type="simple" />
            <root url="jrt://C:/pgf/JetBrains/IntelliJ IDEA Edu 2019.1.1/jre64!/javafx.fxml" type="simple" />
            <root url="jrt://C:/pgf/JetBrains/IntelliJ IDEA Edu 2019.1.1/jre64!/javafx.graphics" type="simple" />
            <root url="jrt://C:/pgf/JetBrains/IntelliJ IDEA Edu 2019.1.1/jre64!/javafx.media" type="simple" />
            <root url="jrt://C:/pgf/JetBrains/IntelliJ IDEA Edu 2019.1.1/jre64!/javafx.swing" type="simple" />
            <root url="jrt://C:/pgf/JetBrains/IntelliJ IDEA Edu 2019.1.1/jre64!/javafx.web" type="simple" />
            <root url="jrt://C:/pgf/JetBrains/IntelliJ IDEA Edu 2019.1.1/jre64!/jdk.accessibility" type="simple" />
            <root url="jrt://C:/pgf/JetBrains/IntelliJ IDEA Edu 2019.1.1/jre64!/jdk.aot" type="simple" />
            <root url="jrt://C:/pgf/JetBrains/IntelliJ IDEA Edu 2019.1.1/jre64!/jdk.attach" type="simple" />
            <root url="jrt://C:/pgf/JetBrains/IntelliJ IDEA Edu 2019.1.1/jre64!/jdk.charsets" type="simple" />
            <root url="jrt://C:/pgf/JetBrains/IntelliJ IDEA Edu 2019.1.1/jre64!/jdk.compiler" type="simple" />
            <root url="jrt://C:/pgf/JetBrains/IntelliJ IDEA Edu 2019.1.1/jre64!/jdk.crypto.cryptoki" type="simple" />
            <root url="jrt://C:/pgf/JetBrains/IntelliJ IDEA Edu 2019.1.1/jre64!/jdk.crypto.ec" type="simple" />
            <root url="jrt://C:/pgf/JetBrains/IntelliJ IDEA Edu 2019.1.1/jre64!/jdk.dynalink" type="simple" />
            <root url="jrt://C:/pgf/JetBrains/IntelliJ IDEA Edu 2019.1.1/jre64!/jdk.httpserver" type="simple" />
            <root url="jrt://C:/pgf/JetBrains/IntelliJ IDEA Edu 2019.1.1/jre64!/jdk.internal.ed" type="simple" />
            <root url="jrt://C:/pgf/JetBrains/IntelliJ IDEA Edu 2019.1.1/jre64!/jdk.internal.jvmstat" type="simple" />
            <root url="jrt://C:/pgf/JetBrains/IntelliJ IDEA Edu 2019.1.1/jre64!/jdk.internal.le" type="simple" />
            <root url="jrt://C:/pgf/JetBrains/IntelliJ IDEA Edu 2019.1.1/jre64!/jdk.internal.vm.ci" type="simple" />
            <root url="jrt://C:/pgf/JetBrains/IntelliJ IDEA Edu 2019.1.1/jre64!/jdk.internal.vm.compiler" type="simple" />
            <root url="jrt://C:/pgf/JetBrains/IntelliJ IDEA Edu 2019.1.1/jre64!/jdk.internal.vm.compiler.management" type="simple" />
            <root url="jrt://C:/pgf/JetBrains/IntelliJ IDEA Edu 2019.1.1/jre64!/jdk.jdi" type="simple" />
            <root url="jrt://C:/pgf/JetBrains/IntelliJ IDEA Edu 2019.1.1/jre64!/jdk.jdwp.agent" type="simple" />
            <root url="jrt://C:/pgf/JetBrains/IntelliJ IDEA Edu 2019.1.1/jre64!/jdk.jfr" type="simple" />
            <root url="jrt://C:/pgf/JetBrains/IntelliJ IDEA Edu 2019.1.1/jre64!/jdk.jsobject" type="simple" />
            <root url="jrt://C:/pgf/JetBrains/IntelliJ IDEA Edu 2019.1.1/jre64!/jdk.localedata" type="simple" />
            <root url="jrt://C:/pgf/JetBrains/IntelliJ IDEA Edu 2019.1.1/jre64!/jdk.management" type="simple" />
            <root url="jrt://C:/pgf/JetBrains/IntelliJ IDEA Edu 2019.1.1/jre64!/jdk.management.agent" type="simple" />
            <root url="jrt://C:/pgf/JetBrains/IntelliJ IDEA Edu 2019.1.1/jre64!/jdk.management.jfr" type="simple" />
            <root url="jrt://C:/pgf/JetBrains/IntelliJ IDEA Edu 2019.1.1/jre64!/jdk.naming.dns" type="simple" />
            <root url="jrt://C:/pgf/JetBrains/IntelliJ IDEA Edu 2019.1.1/jre64!/jdk.naming.rmi" type="simple" />
            <root url="jrt://C:/pgf/JetBrains/IntelliJ IDEA Edu 2019.1.1/jre64!/jdk.net" type="simple" />
            <root url="jrt://C:/pgf/JetBrains/IntelliJ IDEA Edu 2019.1.1/jre64!/jdk.pack" type="simple" />
            <root url="jrt://C:/pgf/JetBrains/IntelliJ IDEA Edu 2019.1.1/jre64!/jdk.scripting.nashorn" type="simple" />
            <root url="jrt://C:/pgf/JetBrains/IntelliJ IDEA Edu 2019.1.1/jre64!/jdk.scripting.nashorn.shell" type="simple" />
            <root url="jrt://C:/pgf/JetBrains/IntelliJ IDEA Edu 2019.1.1/jre64!/jdk.sctp" type="simple" />
            <root url="jrt://C:/pgf/JetBrains/IntelliJ IDEA Edu 2019.1.1/jre64!/jdk.security.auth" type="simple" />
            <root url="jrt://C:/pgf/JetBrains/IntelliJ IDEA Edu 2019.1.1/jre64!/jdk.security.jgss" type="simple" />
            <root url="jrt://C:/pgf/JetBrains/IntelliJ IDEA Edu 2019.1.1/jre64!/jdk.unsupported" type="simple" />
            <root url="jrt://C:/pgf/JetBrains/IntelliJ IDEA Edu 2019.1.1/jre64!/jdk.xml.dom" type="simple" />
            <root url="jrt://C:/pgf/JetBrains/IntelliJ IDEA Edu 2019.1.1/jre64!/jdk.zipfs" type="simple" />
          </root>
        </classPath>
        <javadocPath>
          <root type="composite">
            <root url="https://docs.oracle.com/en/java/javase/11/docs/api/" type="simple" />
          </root>
        </javadocPath>
        <sourcePath>
          <root type="composite" />
        </sourcePath>
      </roots>
      <additional />
    </jdk>
    <jdk version="2">
      <name value="Kotlin SDK" />
      <type value="KotlinSDK" />
      <version value="1.3.72" />
      <homePath value="$APPLICATION_HOME_DIR$/plugins/Kotlin/kotlinc" />
      <roots>
        <annotationsPath>
          <root type="composite" />
        </annotationsPath>
        <classPath>
          <root type="composite" />
        </classPath>
        <javadocPath>
          <root type="composite" />
        </javadocPath>
        <sourcePath>
          <root type="composite" />
        </sourcePath>
      </roots>
      <additional />
    </jdk>
    <jdk version="2">
      <name value="10" />
      <type value="JavaSDK" />
      <version value="java version &quot;10&quot;" />
      <homePath value="C:/java/jdk-10" />
      <roots>
        <annotationsPath>
          <root type="composite">
            <root url="jar://$APPLICATION_HOME_DIR$/lib/jdkAnnotations.jar!/" type="simple" />
          </root>
        </annotationsPath>
        <classPath>
          <root type="composite">
            <root url="jrt://C:/java/jdk-10!/java.activation" type="simple" />
            <root url="jrt://C:/java/jdk-10!/java.base" type="simple" />
            <root url="jrt://C:/java/jdk-10!/java.compiler" type="simple" />
            <root url="jrt://C:/java/jdk-10!/java.corba" type="simple" />
            <root url="jrt://C:/java/jdk-10!/java.datatransfer" type="simple" />
            <root url="jrt://C:/java/jdk-10!/java.desktop" type="simple" />
            <root url="jrt://C:/java/jdk-10!/java.instrument" type="simple" />
            <root url="jrt://C:/java/jdk-10!/java.jnlp" type="simple" />
            <root url="jrt://C:/java/jdk-10!/java.logging" type="simple" />
            <root url="jrt://C:/java/jdk-10!/java.management" type="simple" />
            <root url="jrt://C:/java/jdk-10!/java.management.rmi" type="simple" />
            <root url="jrt://C:/java/jdk-10!/java.naming" type="simple" />
            <root url="jrt://C:/java/jdk-10!/java.prefs" type="simple" />
            <root url="jrt://C:/java/jdk-10!/java.rmi" type="simple" />
            <root url="jrt://C:/java/jdk-10!/java.scripting" type="simple" />
            <root url="jrt://C:/java/jdk-10!/java.se" type="simple" />
            <root url="jrt://C:/java/jdk-10!/java.se.ee" type="simple" />
            <root url="jrt://C:/java/jdk-10!/java.security.jgss" type="simple" />
            <root url="jrt://C:/java/jdk-10!/java.security.sasl" type="simple" />
            <root url="jrt://C:/java/jdk-10!/java.smartcardio" type="simple" />
            <root url="jrt://C:/java/jdk-10!/java.sql" type="simple" />
            <root url="jrt://C:/java/jdk-10!/java.sql.rowset" type="simple" />
            <root url="jrt://C:/java/jdk-10!/java.transaction" type="simple" />
            <root url="jrt://C:/java/jdk-10!/java.xml" type="simple" />
            <root url="jrt://C:/java/jdk-10!/java.xml.bind" type="simple" />
            <root url="jrt://C:/java/jdk-10!/java.xml.crypto" type="simple" />
            <root url="jrt://C:/java/jdk-10!/java.xml.ws" type="simple" />
            <root url="jrt://C:/java/jdk-10!/java.xml.ws.annotation" type="simple" />
            <root url="jrt://C:/java/jdk-10!/javafx.base" type="simple" />
            <root url="jrt://C:/java/jdk-10!/javafx.controls" type="simple" />
            <root url="jrt://C:/java/jdk-10!/javafx.deploy" type="simple" />
            <root url="jrt://C:/java/jdk-10!/javafx.fxml" type="simple" />
            <root url="jrt://C:/java/jdk-10!/javafx.graphics" type="simple" />
            <root url="jrt://C:/java/jdk-10!/javafx.media" type="simple" />
            <root url="jrt://C:/java/jdk-10!/javafx.swing" type="simple" />
            <root url="jrt://C:/java/jdk-10!/javafx.web" type="simple" />
            <root url="jrt://C:/java/jdk-10!/jdk.accessibility" type="simple" />
            <root url="jrt://C:/java/jdk-10!/jdk.aot" type="simple" />
            <root url="jrt://C:/java/jdk-10!/jdk.attach" type="simple" />
            <root url="jrt://C:/java/jdk-10!/jdk.charsets" type="simple" />
            <root url="jrt://C:/java/jdk-10!/jdk.compiler" type="simple" />
            <root url="jrt://C:/java/jdk-10!/jdk.crypto.cryptoki" type="simple" />
            <root url="jrt://C:/java/jdk-10!/jdk.crypto.ec" type="simple" />
            <root url="jrt://C:/java/jdk-10!/jdk.crypto.mscapi" type="simple" />
            <root url="jrt://C:/java/jdk-10!/jdk.deploy" type="simple" />
            <root url="jrt://C:/java/jdk-10!/jdk.deploy.controlpanel" type="simple" />
            <root url="jrt://C:/java/jdk-10!/jdk.dynalink" type="simple" />
            <root url="jrt://C:/java/jdk-10!/jdk.editpad" type="simple" />
            <root url="jrt://C:/java/jdk-10!/jdk.hotspot.agent" type="simple" />
            <root url="jrt://C:/java/jdk-10!/jdk.httpserver" type="simple" />
            <root url="jrt://C:/java/jdk-10!/jdk.incubator.httpclient" type="simple" />
            <root url="jrt://C:/java/jdk-10!/jdk.internal.ed" type="simple" />
            <root url="jrt://C:/java/jdk-10!/jdk.internal.jvmstat" type="simple" />
            <root url="jrt://C:/java/jdk-10!/jdk.internal.le" type="simple" />
            <root url="jrt://C:/java/jdk-10!/jdk.internal.opt" type="simple" />
            <root url="jrt://C:/java/jdk-10!/jdk.internal.vm.ci" type="simple" />
            <root url="jrt://C:/java/jdk-10!/jdk.internal.vm.compiler" type="simple" />
            <root url="jrt://C:/java/jdk-10!/jdk.internal.vm.compiler.management" type="simple" />
            <root url="jrt://C:/java/jdk-10!/jdk.jartool" type="simple" />
            <root url="jrt://C:/java/jdk-10!/jdk.javadoc" type="simple" />
            <root url="jrt://C:/java/jdk-10!/jdk.javaws" type="simple" />
            <root url="jrt://C:/java/jdk-10!/jdk.jcmd" type="simple" />
            <root url="jrt://C:/java/jdk-10!/jdk.jconsole" type="simple" />
            <root url="jrt://C:/java/jdk-10!/jdk.jdeps" type="simple" />
            <root url="jrt://C:/java/jdk-10!/jdk.jdi" type="simple" />
            <root url="jrt://C:/java/jdk-10!/jdk.jdwp.agent" type="simple" />
            <root url="jrt://C:/java/jdk-10!/jdk.jfr" type="simple" />
            <root url="jrt://C:/java/jdk-10!/jdk.jlink" type="simple" />
            <root url="jrt://C:/java/jdk-10!/jdk.jshell" type="simple" />
            <root url="jrt://C:/java/jdk-10!/jdk.jsobject" type="simple" />
            <root url="jrt://C:/java/jdk-10!/jdk.jstatd" type="simple" />
            <root url="jrt://C:/java/jdk-10!/jdk.localedata" type="simple" />
            <root url="jrt://C:/java/jdk-10!/jdk.management" type="simple" />
            <root url="jrt://C:/java/jdk-10!/jdk.management.agent" type="simple" />
            <root url="jrt://C:/java/jdk-10!/jdk.management.cmm" type="simple" />
            <root url="jrt://C:/java/jdk-10!/jdk.management.jfr" type="simple" />
            <root url="jrt://C:/java/jdk-10!/jdk.management.resource" type="simple" />
            <root url="jrt://C:/java/jdk-10!/jdk.naming.dns" type="simple" />
            <root url="jrt://C:/java/jdk-10!/jdk.naming.rmi" type="simple" />
            <root url="jrt://C:/java/jdk-10!/jdk.net" type="simple" />
            <root url="jrt://C:/java/jdk-10!/jdk.pack" type="simple" />
            <root url="jrt://C:/java/jdk-10!/jdk.packager" type="simple" />
            <root url="jrt://C:/java/jdk-10!/jdk.packager.services" type="simple" />
            <root url="jrt://C:/java/jdk-10!/jdk.plugin" type="simple" />
            <root url="jrt://C:/java/jdk-10!/jdk.plugin.server" type="simple" />
            <root url="jrt://C:/java/jdk-10!/jdk.rmic" type="simple" />
            <root url="jrt://C:/java/jdk-10!/jdk.scripting.nashorn" type="simple" />
            <root url="jrt://C:/java/jdk-10!/jdk.scripting.nashorn.shell" type="simple" />
            <root url="jrt://C:/java/jdk-10!/jdk.sctp" type="simple" />
            <root url="jrt://C:/java/jdk-10!/jdk.security.auth" type="simple" />
            <root url="jrt://C:/java/jdk-10!/jdk.security.jgss" type="simple" />
            <root url="jrt://C:/java/jdk-10!/jdk.snmp" type="simple" />
            <root url="jrt://C:/java/jdk-10!/jdk.unsupported" type="simple" />
            <root url="jrt://C:/java/jdk-10!/jdk.xml.bind" type="simple" />
            <root url="jrt://C:/java/jdk-10!/jdk.xml.dom" type="simple" />
            <root url="jrt://C:/java/jdk-10!/jdk.xml.ws" type="simple" />
            <root url="jrt://C:/java/jdk-10!/jdk.zipfs" type="simple" />
            <root url="jrt://C:/java/jdk-10!/oracle.desktop" type="simple" />
            <root url="jrt://C:/java/jdk-10!/oracle.net" type="simple" />
          </root>
        </classPath>
        <javadocPath>
          <root type="composite" />
        </javadocPath>
        <sourcePath>
          <root type="composite">
            <root url="jar://C:/java/jdk-10/lib/src.zip!/java.se" type="simple" />
            <root url="jar://C:/java/jdk-10/lib/src.zip!/jdk.aot" type="simple" />
            <root url="jar://C:/java/jdk-10/lib/src.zip!/jdk.jdi" type="simple" />
            <root url="jar://C:/java/jdk-10/lib/src.zip!/jdk.net" type="simple" />
            <root url="jar://C:/java/jdk-10/lib/src.zip!/java.rmi" type="simple" />
            <root url="jar://C:/java/jdk-10/lib/src.zip!/java.sql" type="simple" />
            <root url="jar://C:/java/jdk-10/lib/src.zip!/java.xml" type="simple" />
            <root url="jar://C:/java/jdk-10/lib/src.zip!/jdk.jcmd" type="simple" />
            <root url="jar://C:/java/jdk-10/lib/src.zip!/jdk.pack" type="simple" />
            <root url="jar://C:/java/jdk-10/lib/src.zip!/jdk.rmic" type="simple" />
            <root url="jar://C:/java/jdk-10/lib/src.zip!/jdk.sctp" type="simple" />
            <root url="jar://C:/java/jdk-10/lib/src.zip!/java.base" type="simple" />
            <root url="jar://C:/java/jdk-10/lib/src.zip!/jdk.jdeps" type="simple" />
            <root url="jar://C:/java/jdk-10/lib/src.zip!/jdk.jlink" type="simple" />
            <root url="jar://C:/java/jdk-10/lib/src.zip!/jdk.zipfs" type="simple" />
            <root url="jar://C:/java/jdk-10/lib/src.zip!/java.corba" type="simple" />
            <root url="jar://C:/java/jdk-10/lib/src.zip!/java.prefs" type="simple" />
            <root url="jar://C:/java/jdk-10/lib/src.zip!/java.se.ee" type="simple" />
            <root url="jar://C:/java/jdk-10/lib/src.zip!/javafx.web" type="simple" />
            <root url="jar://C:/java/jdk-10/lib/src.zip!/jdk.attach" type="simple" />
            <root url="jar://C:/java/jdk-10/lib/src.zip!/jdk.jshell" type="simple" />
            <root url="jar://C:/java/jdk-10/lib/src.zip!/jdk.jstatd" type="simple" />
            <root url="jar://C:/java/jdk-10/lib/src.zip!/jdk.xml.ws" type="simple" />
            <root url="jar://C:/java/jdk-10/lib/src.zip!/java.naming" type="simple" />
            <root url="jar://C:/java/jdk-10/lib/src.zip!/java.xml.ws" type="simple" />
            <root url="jar://C:/java/jdk-10/lib/src.zip!/javafx.base" type="simple" />
            <root url="jar://C:/java/jdk-10/lib/src.zip!/javafx.fxml" type="simple" />
            <root url="jar://C:/java/jdk-10/lib/src.zip!/jdk.editpad" type="simple" />
            <root url="jar://C:/java/jdk-10/lib/src.zip!/jdk.jartool" type="simple" />
            <root url="jar://C:/java/jdk-10/lib/src.zip!/jdk.javadoc" type="simple" />
            <root url="jar://C:/java/jdk-10/lib/src.zip!/jdk.xml.dom" type="simple" />
            <root url="jar://C:/java/jdk-10/lib/src.zip!/java.desktop" type="simple" />
            <root url="jar://C:/java/jdk-10/lib/src.zip!/java.logging" type="simple" />
            <root url="jar://C:/java/jdk-10/lib/src.zip!/javafx.media" type="simple" />
            <root url="jar://C:/java/jdk-10/lib/src.zip!/javafx.swing" type="simple" />
            <root url="jar://C:/java/jdk-10/lib/src.zip!/jdk.charsets" type="simple" />
            <root url="jar://C:/java/jdk-10/lib/src.zip!/jdk.compiler" type="simple" />
            <root url="jar://C:/java/jdk-10/lib/src.zip!/jdk.dynalink" type="simple" />
            <root url="jar://C:/java/jdk-10/lib/src.zip!/jdk.jconsole" type="simple" />
            <root url="jar://C:/java/jdk-10/lib/src.zip!/jdk.jsobject" type="simple" />
            <root url="jar://C:/java/jdk-10/lib/src.zip!/jdk.packager" type="simple" />
            <root url="jar://C:/java/jdk-10/lib/src.zip!/jdk.xml.bind" type="simple" />
            <root url="jar://C:/java/jdk-10/lib/src.zip!/java.compiler" type="simple" />
            <root url="jar://C:/java/jdk-10/lib/src.zip!/java.xml.bind" type="simple" />
            <root url="jar://C:/java/jdk-10/lib/src.zip!/jdk.crypto.ec" type="simple" />
            <root url="jar://C:/java/jdk-10/lib/src.zip!/java.scripting" type="simple" />
            <root url="jar://C:/java/jdk-10/lib/src.zip!/jdk.httpserver" type="simple" />
            <root url="jar://C:/java/jdk-10/lib/src.zip!/jdk.jdwp.agent" type="simple" />
            <root url="jar://C:/java/jdk-10/lib/src.zip!/jdk.localedata" type="simple" />
            <root url="jar://C:/java/jdk-10/lib/src.zip!/jdk.management" type="simple" />
            <root url="jar://C:/java/jdk-10/lib/src.zip!/jdk.naming.dns" type="simple" />
            <root url="jar://C:/java/jdk-10/lib/src.zip!/jdk.naming.rmi" type="simple" />
            <root url="jar://C:/java/jdk-10/lib/src.zip!/java.activation" type="simple" />
            <root url="jar://C:/java/jdk-10/lib/src.zip!/java.instrument" type="simple" />
            <root url="jar://C:/java/jdk-10/lib/src.zip!/java.management" type="simple" />
            <root url="jar://C:/java/jdk-10/lib/src.zip!/java.sql.rowset" type="simple" />
            <root url="jar://C:/java/jdk-10/lib/src.zip!/java.xml.crypto" type="simple" />
            <root url="jar://C:/java/jdk-10/lib/src.zip!/javafx.controls" type="simple" />
            <root url="jar://C:/java/jdk-10/lib/src.zip!/javafx.graphics" type="simple" />
            <root url="jar://C:/java/jdk-10/lib/src.zip!/jdk.internal.ed" type="simple" />
            <root url="jar://C:/java/jdk-10/lib/src.zip!/jdk.internal.le" type="simple" />
            <root url="jar://C:/java/jdk-10/lib/src.zip!/jdk.unsupported" type="simple" />
            <root url="jar://C:/java/jdk-10/lib/src.zip!/java.smartcardio" type="simple" />
            <root url="jar://C:/java/jdk-10/lib/src.zip!/java.transaction" type="simple" />
            <root url="jar://C:/java/jdk-10/lib/src.zip!/jdk.internal.opt" type="simple" />
            <root url="jar://C:/java/jdk-10/lib/src.zip!/java.datatransfer" type="simple" />
            <root url="jar://C:/java/jdk-10/lib/src.zip!/jdk.accessibility" type="simple" />
            <root url="jar://C:/java/jdk-10/lib/src.zip!/jdk.crypto.mscapi" type="simple" />
            <root url="jar://C:/java/jdk-10/lib/src.zip!/jdk.hotspot.agent" type="simple" />
            <root url="jar://C:/java/jdk-10/lib/src.zip!/jdk.security.auth" type="simple" />
            <root url="jar://C:/java/jdk-10/lib/src.zip!/jdk.security.jgss" type="simple" />
            <root url="jar://C:/java/jdk-10/lib/src.zip!/java.security.jgss" type="simple" />
            <root url="jar://C:/java/jdk-10/lib/src.zip!/java.security.sasl" type="simple" />
            <root url="jar://C:/java/jdk-10/lib/src.zip!/jdk.internal.vm.ci" type="simple" />
            <root url="jar://C:/java/jdk-10/lib/src.zip!/java.management.rmi" type="simple" />
            <root url="jar://C:/java/jdk-10/lib/src.zip!/jdk.crypto.cryptoki" type="simple" />
            <root url="jar://C:/java/jdk-10/lib/src.zip!/jdk.internal.jvmstat" type="simple" />
            <root url="jar://C:/java/jdk-10/lib/src.zip!/jdk.management.agent" type="simple" />
            <root url="jar://C:/java/jdk-10/lib/src.zip!/jdk.packager.services" type="simple" />
            <root url="jar://C:/java/jdk-10/lib/src.zip!/jdk.scripting.nashorn" type="simple" />
            <root url="jar://C:/java/jdk-10/lib/src.zip!/java.xml.ws.annotation" type="simple" />
            <root url="jar://C:/java/jdk-10/lib/src.zip!/jdk.incubator.httpclient" type="simple" />
            <root url="jar://C:/java/jdk-10/lib/src.zip!/jdk.internal.vm.compiler" type="simple" />
            <root url="jar://C:/java/jdk-10/lib/src.zip!/jdk.scripting.nashorn.shell" type="simple" />
            <root url="jar://C:/java/jdk-10/lib/src.zip!/jdk.internal.vm.compiler.management" type="simple" />
          </root>
        </sourcePath>
      </roots>
      <additional />
    </jdk>
    <jdk version="2">
      <name value="11 (2)" />
      <type value="JavaSDK" />
      <version value="java version &quot;11.0.2&quot;" />
      <homePath value="$APPLICATION_HOME_DIR$/jre64" />
      <roots>
        <annotationsPath>
          <root type="composite">
            <root url="jar://$APPLICATION_HOME_DIR$/lib/jdkAnnotations.jar!/" type="simple" />
          </root>
        </annotationsPath>
        <classPath>
          <root type="composite">
            <root url="jrt://C:/pgf/JetBrains/IntelliJ IDEA Edu 2019.1.1/jre64!/java.base" type="simple" />
            <root url="jrt://C:/pgf/JetBrains/IntelliJ IDEA Edu 2019.1.1/jre64!/java.compiler" type="simple" />
            <root url="jrt://C:/pgf/JetBrains/IntelliJ IDEA Edu 2019.1.1/jre64!/java.datatransfer" type="simple" />
            <root url="jrt://C:/pgf/JetBrains/IntelliJ IDEA Edu 2019.1.1/jre64!/java.desktop" type="simple" />
            <root url="jrt://C:/pgf/JetBrains/IntelliJ IDEA Edu 2019.1.1/jre64!/java.instrument" type="simple" />
            <root url="jrt://C:/pgf/JetBrains/IntelliJ IDEA Edu 2019.1.1/jre64!/java.logging" type="simple" />
            <root url="jrt://C:/pgf/JetBrains/IntelliJ IDEA Edu 2019.1.1/jre64!/java.management" type="simple" />
            <root url="jrt://C:/pgf/JetBrains/IntelliJ IDEA Edu 2019.1.1/jre64!/java.management.rmi" type="simple" />
            <root url="jrt://C:/pgf/JetBrains/IntelliJ IDEA Edu 2019.1.1/jre64!/java.naming" type="simple" />
            <root url="jrt://C:/pgf/JetBrains/IntelliJ IDEA Edu 2019.1.1/jre64!/java.net.http" type="simple" />
            <root url="jrt://C:/pgf/JetBrains/IntelliJ IDEA Edu 2019.1.1/jre64!/java.prefs" type="simple" />
            <root url="jrt://C:/pgf/JetBrains/IntelliJ IDEA Edu 2019.1.1/jre64!/java.rmi" type="simple" />
            <root url="jrt://C:/pgf/JetBrains/IntelliJ IDEA Edu 2019.1.1/jre64!/java.scripting" type="simple" />
            <root url="jrt://C:/pgf/JetBrains/IntelliJ IDEA Edu 2019.1.1/jre64!/java.se" type="simple" />
            <root url="jrt://C:/pgf/JetBrains/IntelliJ IDEA Edu 2019.1.1/jre64!/java.security.jgss" type="simple" />
            <root url="jrt://C:/pgf/JetBrains/IntelliJ IDEA Edu 2019.1.1/jre64!/java.security.sasl" type="simple" />
            <root url="jrt://C:/pgf/JetBrains/IntelliJ IDEA Edu 2019.1.1/jre64!/java.smartcardio" type="simple" />
            <root url="jrt://C:/pgf/JetBrains/IntelliJ IDEA Edu 2019.1.1/jre64!/java.sql" type="simple" />
            <root url="jrt://C:/pgf/JetBrains/IntelliJ IDEA Edu 2019.1.1/jre64!/java.sql.rowset" type="simple" />
            <root url="jrt://C:/pgf/JetBrains/IntelliJ IDEA Edu 2019.1.1/jre64!/java.transaction.xa" type="simple" />
            <root url="jrt://C:/pgf/JetBrains/IntelliJ IDEA Edu 2019.1.1/jre64!/java.xml" type="simple" />
            <root url="jrt://C:/pgf/JetBrains/IntelliJ IDEA Edu 2019.1.1/jre64!/java.xml.crypto" type="simple" />
            <root url="jrt://C:/pgf/JetBrains/IntelliJ IDEA Edu 2019.1.1/jre64!/javafx.base" type="simple" />
            <root url="jrt://C:/pgf/JetBrains/IntelliJ IDEA Edu 2019.1.1/jre64!/javafx.controls" type="simple" />
            <root url="jrt://C:/pgf/JetBrains/IntelliJ IDEA Edu 2019.1.1/jre64!/javafx.fxml" type="simple" />
            <root url="jrt://C:/pgf/JetBrains/IntelliJ IDEA Edu 2019.1.1/jre64!/javafx.graphics" type="simple" />
            <root url="jrt://C:/pgf/JetBrains/IntelliJ IDEA Edu 2019.1.1/jre64!/javafx.media" type="simple" />
            <root url="jrt://C:/pgf/JetBrains/IntelliJ IDEA Edu 2019.1.1/jre64!/javafx.swing" type="simple" />
            <root url="jrt://C:/pgf/JetBrains/IntelliJ IDEA Edu 2019.1.1/jre64!/javafx.web" type="simple" />
            <root url="jrt://C:/pgf/JetBrains/IntelliJ IDEA Edu 2019.1.1/jre64!/jdk.accessibility" type="simple" />
            <root url="jrt://C:/pgf/JetBrains/IntelliJ IDEA Edu 2019.1.1/jre64!/jdk.aot" type="simple" />
            <root url="jrt://C:/pgf/JetBrains/IntelliJ IDEA Edu 2019.1.1/jre64!/jdk.attach" type="simple" />
            <root url="jrt://C:/pgf/JetBrains/IntelliJ IDEA Edu 2019.1.1/jre64!/jdk.charsets" type="simple" />
            <root url="jrt://C:/pgf/JetBrains/IntelliJ IDEA Edu 2019.1.1/jre64!/jdk.compiler" type="simple" />
            <root url="jrt://C:/pgf/JetBrains/IntelliJ IDEA Edu 2019.1.1/jre64!/jdk.crypto.cryptoki" type="simple" />
            <root url="jrt://C:/pgf/JetBrains/IntelliJ IDEA Edu 2019.1.1/jre64!/jdk.crypto.ec" type="simple" />
            <root url="jrt://C:/pgf/JetBrains/IntelliJ IDEA Edu 2019.1.1/jre64!/jdk.dynalink" type="simple" />
            <root url="jrt://C:/pgf/JetBrains/IntelliJ IDEA Edu 2019.1.1/jre64!/jdk.httpserver" type="simple" />
            <root url="jrt://C:/pgf/JetBrains/IntelliJ IDEA Edu 2019.1.1/jre64!/jdk.internal.ed" type="simple" />
            <root url="jrt://C:/pgf/JetBrains/IntelliJ IDEA Edu 2019.1.1/jre64!/jdk.internal.jvmstat" type="simple" />
            <root url="jrt://C:/pgf/JetBrains/IntelliJ IDEA Edu 2019.1.1/jre64!/jdk.internal.le" type="simple" />
            <root url="jrt://C:/pgf/JetBrains/IntelliJ IDEA Edu 2019.1.1/jre64!/jdk.internal.vm.ci" type="simple" />
            <root url="jrt://C:/pgf/JetBrains/IntelliJ IDEA Edu 2019.1.1/jre64!/jdk.internal.vm.compiler" type="simple" />
            <root url="jrt://C:/pgf/JetBrains/IntelliJ IDEA Edu 2019.1.1/jre64!/jdk.internal.vm.compiler.management" type="simple" />
            <root url="jrt://C:/pgf/JetBrains/IntelliJ IDEA Edu 2019.1.1/jre64!/jdk.jdi" type="simple" />
            <root url="jrt://C:/pgf/JetBrains/IntelliJ IDEA Edu 2019.1.1/jre64!/jdk.jdwp.agent" type="simple" />
            <root url="jrt://C:/pgf/JetBrains/IntelliJ IDEA Edu 2019.1.1/jre64!/jdk.jfr" type="simple" />
            <root url="jrt://C:/pgf/JetBrains/IntelliJ IDEA Edu 2019.1.1/jre64!/jdk.jsobject" type="simple" />
            <root url="jrt://C:/pgf/JetBrains/IntelliJ IDEA Edu 2019.1.1/jre64!/jdk.localedata" type="simple" />
            <root url="jrt://C:/pgf/JetBrains/IntelliJ IDEA Edu 2019.1.1/jre64!/jdk.management" type="simple" />
            <root url="jrt://C:/pgf/JetBrains/IntelliJ IDEA Edu 2019.1.1/jre64!/jdk.management.agent" type="simple" />
            <root url="jrt://C:/pgf/JetBrains/IntelliJ IDEA Edu 2019.1.1/jre64!/jdk.management.jfr" type="simple" />
            <root url="jrt://C:/pgf/JetBrains/IntelliJ IDEA Edu 2019.1.1/jre64!/jdk.naming.dns" type="simple" />
            <root url="jrt://C:/pgf/JetBrains/IntelliJ IDEA Edu 2019.1.1/jre64!/jdk.naming.rmi" type="simple" />
            <root url="jrt://C:/pgf/JetBrains/IntelliJ IDEA Edu 2019.1.1/jre64!/jdk.net" type="simple" />
            <root url="jrt://C:/pgf/JetBrains/IntelliJ IDEA Edu 2019.1.1/jre64!/jdk.pack" type="simple" />
            <root url="jrt://C:/pgf/JetBrains/IntelliJ IDEA Edu 2019.1.1/jre64!/jdk.scripting.nashorn" type="simple" />
            <root url="jrt://C:/pgf/JetBrains/IntelliJ IDEA Edu 2019.1.1/jre64!/jdk.scripting.nashorn.shell" type="simple" />
            <root url="jrt://C:/pgf/JetBrains/IntelliJ IDEA Edu 2019.1.1/jre64!/jdk.sctp" type="simple" />
            <root url="jrt://C:/pgf/JetBrains/IntelliJ IDEA Edu 2019.1.1/jre64!/jdk.security.auth" type="simple" />
            <root url="jrt://C:/pgf/JetBrains/IntelliJ IDEA Edu 2019.1.1/jre64!/jdk.security.jgss" type="simple" />
            <root url="jrt://C:/pgf/JetBrains/IntelliJ IDEA Edu 2019.1.1/jre64!/jdk.unsupported" type="simple" />
            <root url="jrt://C:/pgf/JetBrains/IntelliJ IDEA Edu 2019.1.1/jre64!/jdk.xml.dom" type="simple" />
            <root url="jrt://C:/pgf/JetBrains/IntelliJ IDEA Edu 2019.1.1/jre64!/jdk.zipfs" type="simple" />
          </root>
        </classPath>
        <javadocPath>
          <root type="composite">
            <root url="https://docs.oracle.com/en/java/javase/11/docs/api/" type="simple" />
          </root>
        </javadocPath>
        <sourcePath>
          <root type="composite" />
        </sourcePath>
      </roots>
      <additional />
    </jdk>
    <jdk version="2">
      <name value="11.0.4" />
      <type value="JavaSDK" />
      <version value="java version &quot;11.0.4&quot;" />
      <homePath value="$APPLICATION_HOME_DIR$/jbr" />
      <roots>
        <annotationsPath>
          <root type="composite">
            <root url="jar://$APPLICATION_HOME_DIR$/plugins/java/lib/jdkAnnotations.jar!/" type="simple" />
          </root>
        </annotationsPath>
        <classPath>
          <root type="composite">
            <root url="jrt://C:/pgf/JetBrains/IntelliJ IDEA Edu 2019.1.1/jbr!/java.base" type="simple" />
            <root url="jrt://C:/pgf/JetBrains/IntelliJ IDEA Edu 2019.1.1/jbr!/java.compiler" type="simple" />
            <root url="jrt://C:/pgf/JetBrains/IntelliJ IDEA Edu 2019.1.1/jbr!/java.datatransfer" type="simple" />
            <root url="jrt://C:/pgf/JetBrains/IntelliJ IDEA Edu 2019.1.1/jbr!/java.desktop" type="simple" />
            <root url="jrt://C:/pgf/JetBrains/IntelliJ IDEA Edu 2019.1.1/jbr!/java.instrument" type="simple" />
            <root url="jrt://C:/pgf/JetBrains/IntelliJ IDEA Edu 2019.1.1/jbr!/java.logging" type="simple" />
            <root url="jrt://C:/pgf/JetBrains/IntelliJ IDEA Edu 2019.1.1/jbr!/java.management" type="simple" />
            <root url="jrt://C:/pgf/JetBrains/IntelliJ IDEA Edu 2019.1.1/jbr!/java.management.rmi" type="simple" />
            <root url="jrt://C:/pgf/JetBrains/IntelliJ IDEA Edu 2019.1.1/jbr!/java.naming" type="simple" />
            <root url="jrt://C:/pgf/JetBrains/IntelliJ IDEA Edu 2019.1.1/jbr!/java.net.http" type="simple" />
            <root url="jrt://C:/pgf/JetBrains/IntelliJ IDEA Edu 2019.1.1/jbr!/java.prefs" type="simple" />
            <root url="jrt://C:/pgf/JetBrains/IntelliJ IDEA Edu 2019.1.1/jbr!/java.rmi" type="simple" />
            <root url="jrt://C:/pgf/JetBrains/IntelliJ IDEA Edu 2019.1.1/jbr!/java.scripting" type="simple" />
            <root url="jrt://C:/pgf/JetBrains/IntelliJ IDEA Edu 2019.1.1/jbr!/java.se" type="simple" />
            <root url="jrt://C:/pgf/JetBrains/IntelliJ IDEA Edu 2019.1.1/jbr!/java.security.jgss" type="simple" />
            <root url="jrt://C:/pgf/JetBrains/IntelliJ IDEA Edu 2019.1.1/jbr!/java.security.sasl" type="simple" />
            <root url="jrt://C:/pgf/JetBrains/IntelliJ IDEA Edu 2019.1.1/jbr!/java.smartcardio" type="simple" />
            <root url="jrt://C:/pgf/JetBrains/IntelliJ IDEA Edu 2019.1.1/jbr!/java.sql" type="simple" />
            <root url="jrt://C:/pgf/JetBrains/IntelliJ IDEA Edu 2019.1.1/jbr!/java.sql.rowset" type="simple" />
            <root url="jrt://C:/pgf/JetBrains/IntelliJ IDEA Edu 2019.1.1/jbr!/java.transaction.xa" type="simple" />
            <root url="jrt://C:/pgf/JetBrains/IntelliJ IDEA Edu 2019.1.1/jbr!/java.xml" type="simple" />
            <root url="jrt://C:/pgf/JetBrains/IntelliJ IDEA Edu 2019.1.1/jbr!/java.xml.crypto" type="simple" />
            <root url="jrt://C:/pgf/JetBrains/IntelliJ IDEA Edu 2019.1.1/jbr!/javafx.base" type="simple" />
            <root url="jrt://C:/pgf/JetBrains/IntelliJ IDEA Edu 2019.1.1/jbr!/javafx.controls" type="simple" />
            <root url="jrt://C:/pgf/JetBrains/IntelliJ IDEA Edu 2019.1.1/jbr!/javafx.fxml" type="simple" />
            <root url="jrt://C:/pgf/JetBrains/IntelliJ IDEA Edu 2019.1.1/jbr!/javafx.graphics" type="simple" />
            <root url="jrt://C:/pgf/JetBrains/IntelliJ IDEA Edu 2019.1.1/jbr!/javafx.media" type="simple" />
            <root url="jrt://C:/pgf/JetBrains/IntelliJ IDEA Edu 2019.1.1/jbr!/javafx.swing" type="simple" />
            <root url="jrt://C:/pgf/JetBrains/IntelliJ IDEA Edu 2019.1.1/jbr!/javafx.web" type="simple" />
            <root url="jrt://C:/pgf/JetBrains/IntelliJ IDEA Edu 2019.1.1/jbr!/jdk.accessibility" type="simple" />
            <root url="jrt://C:/pgf/JetBrains/IntelliJ IDEA Edu 2019.1.1/jbr!/jdk.aot" type="simple" />
            <root url="jrt://C:/pgf/JetBrains/IntelliJ IDEA Edu 2019.1.1/jbr!/jdk.attach" type="simple" />
            <root url="jrt://C:/pgf/JetBrains/IntelliJ IDEA Edu 2019.1.1/jbr!/jdk.charsets" type="simple" />
            <root url="jrt://C:/pgf/JetBrains/IntelliJ IDEA Edu 2019.1.1/jbr!/jdk.compiler" type="simple" />
            <root url="jrt://C:/pgf/JetBrains/IntelliJ IDEA Edu 2019.1.1/jbr!/jdk.crypto.cryptoki" type="simple" />
            <root url="jrt://C:/pgf/JetBrains/IntelliJ IDEA Edu 2019.1.1/jbr!/jdk.crypto.ec" type="simple" />
            <root url="jrt://C:/pgf/JetBrains/IntelliJ IDEA Edu 2019.1.1/jbr!/jdk.dynalink" type="simple" />
            <root url="jrt://C:/pgf/JetBrains/IntelliJ IDEA Edu 2019.1.1/jbr!/jdk.httpserver" type="simple" />
            <root url="jrt://C:/pgf/JetBrains/IntelliJ IDEA Edu 2019.1.1/jbr!/jdk.internal.ed" type="simple" />
            <root url="jrt://C:/pgf/JetBrains/IntelliJ IDEA Edu 2019.1.1/jbr!/jdk.internal.jvmstat" type="simple" />
            <root url="jrt://C:/pgf/JetBrains/IntelliJ IDEA Edu 2019.1.1/jbr!/jdk.internal.le" type="simple" />
            <root url="jrt://C:/pgf/JetBrains/IntelliJ IDEA Edu 2019.1.1/jbr!/jdk.internal.vm.ci" type="simple" />
            <root url="jrt://C:/pgf/JetBrains/IntelliJ IDEA Edu 2019.1.1/jbr!/jdk.internal.vm.compiler" type="simple" />
            <root url="jrt://C:/pgf/JetBrains/IntelliJ IDEA Edu 2019.1.1/jbr!/jdk.internal.vm.compiler.management" type="simple" />
            <root url="jrt://C:/pgf/JetBrains/IntelliJ IDEA Edu 2019.1.1/jbr!/jdk.jdi" type="simple" />
            <root url="jrt://C:/pgf/JetBrains/IntelliJ IDEA Edu 2019.1.1/jbr!/jdk.jdwp.agent" type="simple" />
            <root url="jrt://C:/pgf/JetBrains/IntelliJ IDEA Edu 2019.1.1/jbr!/jdk.jfr" type="simple" />
            <root url="jrt://C:/pgf/JetBrains/IntelliJ IDEA Edu 2019.1.1/jbr!/jdk.jsobject" type="simple" />
            <root url="jrt://C:/pgf/JetBrains/IntelliJ IDEA Edu 2019.1.1/jbr!/jdk.localedata" type="simple" />
            <root url="jrt://C:/pgf/JetBrains/IntelliJ IDEA Edu 2019.1.1/jbr!/jdk.management" type="simple" />
            <root url="jrt://C:/pgf/JetBrains/IntelliJ IDEA Edu 2019.1.1/jbr!/jdk.management.agent" type="simple" />
            <root url="jrt://C:/pgf/JetBrains/IntelliJ IDEA Edu 2019.1.1/jbr!/jdk.management.jfr" type="simple" />
            <root url="jrt://C:/pgf/JetBrains/IntelliJ IDEA Edu 2019.1.1/jbr!/jdk.naming.dns" type="simple" />
            <root url="jrt://C:/pgf/JetBrains/IntelliJ IDEA Edu 2019.1.1/jbr!/jdk.naming.rmi" type="simple" />
            <root url="jrt://C:/pgf/JetBrains/IntelliJ IDEA Edu 2019.1.1/jbr!/jdk.net" type="simple" />
            <root url="jrt://C:/pgf/JetBrains/IntelliJ IDEA Edu 2019.1.1/jbr!/jdk.pack" type="simple" />
            <root url="jrt://C:/pgf/JetBrains/IntelliJ IDEA Edu 2019.1.1/jbr!/jdk.scripting.nashorn" type="simple" />
            <root url="jrt://C:/pgf/JetBrains/IntelliJ IDEA Edu 2019.1.1/jbr!/jdk.scripting.nashorn.shell" type="simple" />
            <root url="jrt://C:/pgf/JetBrains/IntelliJ IDEA Edu 2019.1.1/jbr!/jdk.sctp" type="simple" />
            <root url="jrt://C:/pgf/JetBrains/IntelliJ IDEA Edu 2019.1.1/jbr!/jdk.security.auth" type="simple" />
            <root url="jrt://C:/pgf/JetBrains/IntelliJ IDEA Edu 2019.1.1/jbr!/jdk.security.jgss" type="simple" />
            <root url="jrt://C:/pgf/JetBrains/IntelliJ IDEA Edu 2019.1.1/jbr!/jdk.unsupported" type="simple" />
            <root url="jrt://C:/pgf/JetBrains/IntelliJ IDEA Edu 2019.1.1/jbr!/jdk.xml.dom" type="simple" />
            <root url="jrt://C:/pgf/JetBrains/IntelliJ IDEA Edu 2019.1.1/jbr!/jdk.zipfs" type="simple" />
          </root>
        </classPath>
        <javadocPath>
          <root type="composite" />
        </javadocPath>
        <sourcePath>
          <root type="composite" />
        </sourcePath>
      </roots>
      <additional />
    </jdk>
    <jdk version="2">
      <name value="14" />
      <type value="JavaSDK" />
      <version value="java version &quot;14.0.1&quot;" />
      <homePath value="C:/java/jdk-14.0.1" />
      <roots>
        <annotationsPath>
          <root type="composite">
            <root url="jar://$APPLICATION_HOME_DIR$/plugins/java/lib/jdkAnnotations.jar!/" type="simple" />
          </root>
        </annotationsPath>
        <classPath>
          <root type="composite">
            <root url="jrt://C:/java/jdk-14.0.1!/java.base" type="simple" />
            <root url="jrt://C:/java/jdk-14.0.1!/java.compiler" type="simple" />
            <root url="jrt://C:/java/jdk-14.0.1!/java.datatransfer" type="simple" />
            <root url="jrt://C:/java/jdk-14.0.1!/java.desktop" type="simple" />
            <root url="jrt://C:/java/jdk-14.0.1!/java.instrument" type="simple" />
            <root url="jrt://C:/java/jdk-14.0.1!/java.logging" type="simple" />
            <root url="jrt://C:/java/jdk-14.0.1!/java.management" type="simple" />
            <root url="jrt://C:/java/jdk-14.0.1!/java.management.rmi" type="simple" />
            <root url="jrt://C:/java/jdk-14.0.1!/java.naming" type="simple" />
            <root url="jrt://C:/java/jdk-14.0.1!/java.net.http" type="simple" />
            <root url="jrt://C:/java/jdk-14.0.1!/java.prefs" type="simple" />
            <root url="jrt://C:/java/jdk-14.0.1!/java.rmi" type="simple" />
            <root url="jrt://C:/java/jdk-14.0.1!/java.scripting" type="simple" />
            <root url="jrt://C:/java/jdk-14.0.1!/java.se" type="simple" />
            <root url="jrt://C:/java/jdk-14.0.1!/java.security.jgss" type="simple" />
            <root url="jrt://C:/java/jdk-14.0.1!/java.security.sasl" type="simple" />
            <root url="jrt://C:/java/jdk-14.0.1!/java.smartcardio" type="simple" />
            <root url="jrt://C:/java/jdk-14.0.1!/java.sql" type="simple" />
            <root url="jrt://C:/java/jdk-14.0.1!/java.sql.rowset" type="simple" />
            <root url="jrt://C:/java/jdk-14.0.1!/java.transaction.xa" type="simple" />
            <root url="jrt://C:/java/jdk-14.0.1!/java.xml" type="simple" />
            <root url="jrt://C:/java/jdk-14.0.1!/java.xml.crypto" type="simple" />
            <root url="jrt://C:/java/jdk-14.0.1!/jdk.accessibility" type="simple" />
            <root url="jrt://C:/java/jdk-14.0.1!/jdk.aot" type="simple" />
            <root url="jrt://C:/java/jdk-14.0.1!/jdk.attach" type="simple" />
            <root url="jrt://C:/java/jdk-14.0.1!/jdk.charsets" type="simple" />
            <root url="jrt://C:/java/jdk-14.0.1!/jdk.compiler" type="simple" />
            <root url="jrt://C:/java/jdk-14.0.1!/jdk.crypto.cryptoki" type="simple" />
            <root url="jrt://C:/java/jdk-14.0.1!/jdk.crypto.ec" type="simple" />
            <root url="jrt://C:/java/jdk-14.0.1!/jdk.crypto.mscapi" type="simple" />
            <root url="jrt://C:/java/jdk-14.0.1!/jdk.dynalink" type="simple" />
            <root url="jrt://C:/java/jdk-14.0.1!/jdk.editpad" type="simple" />
            <root url="jrt://C:/java/jdk-14.0.1!/jdk.hotspot.agent" type="simple" />
            <root url="jrt://C:/java/jdk-14.0.1!/jdk.httpserver" type="simple" />
            <root url="jrt://C:/java/jdk-14.0.1!/jdk.incubator.foreign" type="simple" />
            <root url="jrt://C:/java/jdk-14.0.1!/jdk.incubator.jpackage" type="simple" />
            <root url="jrt://C:/java/jdk-14.0.1!/jdk.internal.ed" type="simple" />
            <root url="jrt://C:/java/jdk-14.0.1!/jdk.internal.jvmstat" type="simple" />
            <root url="jrt://C:/java/jdk-14.0.1!/jdk.internal.le" type="simple" />
            <root url="jrt://C:/java/jdk-14.0.1!/jdk.internal.opt" type="simple" />
            <root url="jrt://C:/java/jdk-14.0.1!/jdk.internal.vm.ci" type="simple" />
            <root url="jrt://C:/java/jdk-14.0.1!/jdk.internal.vm.compiler" type="simple" />
            <root url="jrt://C:/java/jdk-14.0.1!/jdk.internal.vm.compiler.management" type="simple" />
            <root url="jrt://C:/java/jdk-14.0.1!/jdk.jartool" type="simple" />
            <root url="jrt://C:/java/jdk-14.0.1!/jdk.javadoc" type="simple" />
            <root url="jrt://C:/java/jdk-14.0.1!/jdk.jcmd" type="simple" />
            <root url="jrt://C:/java/jdk-14.0.1!/jdk.jconsole" type="simple" />
            <root url="jrt://C:/java/jdk-14.0.1!/jdk.jdeps" type="simple" />
            <root url="jrt://C:/java/jdk-14.0.1!/jdk.jdi" type="simple" />
            <root url="jrt://C:/java/jdk-14.0.1!/jdk.jdwp.agent" type="simple" />
            <root url="jrt://C:/java/jdk-14.0.1!/jdk.jfr" type="simple" />
            <root url="jrt://C:/java/jdk-14.0.1!/jdk.jlink" type="simple" />
            <root url="jrt://C:/java/jdk-14.0.1!/jdk.jshell" type="simple" />
            <root url="jrt://C:/java/jdk-14.0.1!/jdk.jsobject" type="simple" />
            <root url="jrt://C:/java/jdk-14.0.1!/jdk.jstatd" type="simple" />
            <root url="jrt://C:/java/jdk-14.0.1!/jdk.localedata" type="simple" />
            <root url="jrt://C:/java/jdk-14.0.1!/jdk.management" type="simple" />
            <root url="jrt://C:/java/jdk-14.0.1!/jdk.management.agent" type="simple" />
            <root url="jrt://C:/java/jdk-14.0.1!/jdk.management.jfr" type="simple" />
            <root url="jrt://C:/java/jdk-14.0.1!/jdk.naming.dns" type="simple" />
            <root url="jrt://C:/java/jdk-14.0.1!/jdk.naming.rmi" type="simple" />
            <root url="jrt://C:/java/jdk-14.0.1!/jdk.net" type="simple" />
            <root url="jrt://C:/java/jdk-14.0.1!/jdk.nio.mapmode" type="simple" />
            <root url="jrt://C:/java/jdk-14.0.1!/jdk.rmic" type="simple" />
            <root url="jrt://C:/java/jdk-14.0.1!/jdk.scripting.nashorn" type="simple" />
            <root url="jrt://C:/java/jdk-14.0.1!/jdk.scripting.nashorn.shell" type="simple" />
            <root url="jrt://C:/java/jdk-14.0.1!/jdk.sctp" type="simple" />
            <root url="jrt://C:/java/jdk-14.0.1!/jdk.security.auth" type="simple" />
            <root url="jrt://C:/java/jdk-14.0.1!/jdk.security.jgss" type="simple" />
            <root url="jrt://C:/java/jdk-14.0.1!/jdk.unsupported" type="simple" />
            <root url="jrt://C:/java/jdk-14.0.1!/jdk.unsupported.desktop" type="simple" />
            <root url="jrt://C:/java/jdk-14.0.1!/jdk.xml.dom" type="simple" />
            <root url="jrt://C:/java/jdk-14.0.1!/jdk.zipfs" type="simple" />
          </root>
        </classPath>
        <javadocPath>
          <root type="composite" />
        </javadocPath>
        <sourcePath>
          <root type="composite">
            <root url="jar://C:/java/jdk-14.0.1/lib/src.zip!/java.se" type="simple" />
            <root url="jar://C:/java/jdk-14.0.1/lib/src.zip!/jdk.aot" type="simple" />
            <root url="jar://C:/java/jdk-14.0.1/lib/src.zip!/jdk.jdi" type="simple" />
            <root url="jar://C:/java/jdk-14.0.1/lib/src.zip!/jdk.jfr" type="simple" />
            <root url="jar://C:/java/jdk-14.0.1/lib/src.zip!/jdk.net" type="simple" />
            <root url="jar://C:/java/jdk-14.0.1/lib/src.zip!/java.rmi" type="simple" />
            <root url="jar://C:/java/jdk-14.0.1/lib/src.zip!/java.sql" type="simple" />
            <root url="jar://C:/java/jdk-14.0.1/lib/src.zip!/java.xml" type="simple" />
            <root url="jar://C:/java/jdk-14.0.1/lib/src.zip!/jdk.jcmd" type="simple" />
            <root url="jar://C:/java/jdk-14.0.1/lib/src.zip!/jdk.rmic" type="simple" />
            <root url="jar://C:/java/jdk-14.0.1/lib/src.zip!/jdk.sctp" type="simple" />
            <root url="jar://C:/java/jdk-14.0.1/lib/src.zip!/java.base" type="simple" />
            <root url="jar://C:/java/jdk-14.0.1/lib/src.zip!/jdk.jdeps" type="simple" />
            <root url="jar://C:/java/jdk-14.0.1/lib/src.zip!/jdk.jlink" type="simple" />
            <root url="jar://C:/java/jdk-14.0.1/lib/src.zip!/jdk.zipfs" type="simple" />
            <root url="jar://C:/java/jdk-14.0.1/lib/src.zip!/java.prefs" type="simple" />
            <root url="jar://C:/java/jdk-14.0.1/lib/src.zip!/jdk.attach" type="simple" />
            <root url="jar://C:/java/jdk-14.0.1/lib/src.zip!/jdk.jshell" type="simple" />
            <root url="jar://C:/java/jdk-14.0.1/lib/src.zip!/jdk.jstatd" type="simple" />
            <root url="jar://C:/java/jdk-14.0.1/lib/src.zip!/java.naming" type="simple" />
            <root url="jar://C:/java/jdk-14.0.1/lib/src.zip!/jdk.editpad" type="simple" />
            <root url="jar://C:/java/jdk-14.0.1/lib/src.zip!/jdk.jartool" type="simple" />
            <root url="jar://C:/java/jdk-14.0.1/lib/src.zip!/jdk.javadoc" type="simple" />
            <root url="jar://C:/java/jdk-14.0.1/lib/src.zip!/jdk.xml.dom" type="simple" />
            <root url="jar://C:/java/jdk-14.0.1/lib/src.zip!/java.desktop" type="simple" />
            <root url="jar://C:/java/jdk-14.0.1/lib/src.zip!/java.logging" type="simple" />
            <root url="jar://C:/java/jdk-14.0.1/lib/src.zip!/jdk.charsets" type="simple" />
            <root url="jar://C:/java/jdk-14.0.1/lib/src.zip!/jdk.compiler" type="simple" />
            <root url="jar://C:/java/jdk-14.0.1/lib/src.zip!/jdk.dynalink" type="simple" />
            <root url="jar://C:/java/jdk-14.0.1/lib/src.zip!/jdk.jconsole" type="simple" />
            <root url="jar://C:/java/jdk-14.0.1/lib/src.zip!/jdk.jsobject" type="simple" />
            <root url="jar://C:/java/jdk-14.0.1/lib/src.zip!/java.compiler" type="simple" />
            <root url="jar://C:/java/jdk-14.0.1/lib/src.zip!/java.net.http" type="simple" />
            <root url="jar://C:/java/jdk-14.0.1/lib/src.zip!/jdk.crypto.ec" type="simple" />
            <root url="jar://C:/java/jdk-14.0.1/lib/src.zip!/java.scripting" type="simple" />
            <root url="jar://C:/java/jdk-14.0.1/lib/src.zip!/jdk.httpserver" type="simple" />
            <root url="jar://C:/java/jdk-14.0.1/lib/src.zip!/jdk.jdwp.agent" type="simple" />
            <root url="jar://C:/java/jdk-14.0.1/lib/src.zip!/jdk.localedata" type="simple" />
            <root url="jar://C:/java/jdk-14.0.1/lib/src.zip!/jdk.management" type="simple" />
            <root url="jar://C:/java/jdk-14.0.1/lib/src.zip!/jdk.naming.dns" type="simple" />
            <root url="jar://C:/java/jdk-14.0.1/lib/src.zip!/jdk.naming.rmi" type="simple" />
            <root url="jar://C:/java/jdk-14.0.1/lib/src.zip!/java.instrument" type="simple" />
            <root url="jar://C:/java/jdk-14.0.1/lib/src.zip!/java.management" type="simple" />
            <root url="jar://C:/java/jdk-14.0.1/lib/src.zip!/java.sql.rowset" type="simple" />
            <root url="jar://C:/java/jdk-14.0.1/lib/src.zip!/java.xml.crypto" type="simple" />
            <root url="jar://C:/java/jdk-14.0.1/lib/src.zip!/jdk.internal.ed" type="simple" />
            <root url="jar://C:/java/jdk-14.0.1/lib/src.zip!/jdk.internal.le" type="simple" />
            <root url="jar://C:/java/jdk-14.0.1/lib/src.zip!/jdk.nio.mapmode" type="simple" />
            <root url="jar://C:/java/jdk-14.0.1/lib/src.zip!/jdk.unsupported" type="simple" />
            <root url="jar://C:/java/jdk-14.0.1/lib/src.zip!/java.smartcardio" type="simple" />
            <root url="jar://C:/java/jdk-14.0.1/lib/src.zip!/jdk.internal.opt" type="simple" />
            <root url="jar://C:/java/jdk-14.0.1/lib/src.zip!/java.datatransfer" type="simple" />
            <root url="jar://C:/java/jdk-14.0.1/lib/src.zip!/jdk.accessibility" type="simple" />
            <root url="jar://C:/java/jdk-14.0.1/lib/src.zip!/jdk.crypto.mscapi" type="simple" />
            <root url="jar://C:/java/jdk-14.0.1/lib/src.zip!/jdk.hotspot.agent" type="simple" />
            <root url="jar://C:/java/jdk-14.0.1/lib/src.zip!/jdk.security.auth" type="simple" />
            <root url="jar://C:/java/jdk-14.0.1/lib/src.zip!/jdk.security.jgss" type="simple" />
            <root url="jar://C:/java/jdk-14.0.1/lib/src.zip!/java.security.jgss" type="simple" />
            <root url="jar://C:/java/jdk-14.0.1/lib/src.zip!/java.security.sasl" type="simple" />
            <root url="jar://C:/java/jdk-14.0.1/lib/src.zip!/jdk.internal.vm.ci" type="simple" />
            <root url="jar://C:/java/jdk-14.0.1/lib/src.zip!/jdk.management.jfr" type="simple" />
            <root url="jar://C:/java/jdk-14.0.1/lib/src.zip!/java.management.rmi" type="simple" />
            <root url="jar://C:/java/jdk-14.0.1/lib/src.zip!/java.transaction.xa" type="simple" />
            <root url="jar://C:/java/jdk-14.0.1/lib/src.zip!/jdk.crypto.cryptoki" type="simple" />
            <root url="jar://C:/java/jdk-14.0.1/lib/src.zip!/jdk.internal.jvmstat" type="simple" />
            <root url="jar://C:/java/jdk-14.0.1/lib/src.zip!/jdk.management.agent" type="simple" />
            <root url="jar://C:/java/jdk-14.0.1/lib/src.zip!/jdk.incubator.foreign" type="simple" />
            <root url="jar://C:/java/jdk-14.0.1/lib/src.zip!/jdk.scripting.nashorn" type="simple" />
            <root url="jar://C:/java/jdk-14.0.1/lib/src.zip!/jdk.incubator.jpackage" type="simple" />
            <root url="jar://C:/java/jdk-14.0.1/lib/src.zip!/jdk.unsupported.desktop" type="simple" />
            <root url="jar://C:/java/jdk-14.0.1/lib/src.zip!/jdk.internal.vm.compiler" type="simple" />
            <root url="jar://C:/java/jdk-14.0.1/lib/src.zip!/jdk.scripting.nashorn.shell" type="simple" />
            <root url="jar://C:/java/jdk-14.0.1/lib/src.zip!/jdk.internal.vm.compiler.management" type="simple" />
          </root>
        </sourcePath>
      </roots>
      <additional />
    </jdk>
  </component>
</application>