<application>
  <component name="MaterialCustomThemeConfig">
    <option name="excludedColor" value="3d2b27ff" />
    <option name="accentColor" value="ff79c5ff" />
    <option name="notificationsColor" value="1d2228ff" />
    <option name="treeSelectionColor" value="ff00bc33" />
    <option name="highlightColor" value="2e71a4ff" />
    <option name="secondBorderColor" value="00ff86ff" />
    <option name="tableSelectedColor" value="44475aff" />
    <option name="contrastColor" value="050d0dff" />
    <option name="disabledColor" value="a46347a2" />
    <option name="secondaryBackgroundColor" value="282a36ff" />
    <option name="buttonColor" value="393c4bff" />
    <option name="selectionForegroundColor" value="fffefaff" />
    <option name="selectionBackgroundColor" value="2c767aff" />
    <option name="textColor" value="00d9f3ff" />
    <option name="foregroundColor" value="f8f8f2ff" />
    <option name="backgroundColor" value="282a36ff" />
  </component>
</application>