<application>
  <component name="CodeFoldingSettings">
    <option name="COLLAPSE_DOC_COMMENTS" value="true" />
  </component>
  <component name="CodeInsightSettings">
    <option name="PARAMETER_INFO_DELAY" value="700" />
    <option name="AUTO_POPUP_JAVADOC_INFO" value="true" />
    <option name="REFORMAT_BLOCK_ON_RBRACE" value="false" />
    <option name="ADD_IMPORTS_ON_PASTE" value="1" />
    <option name="JSP_ADD_UNAMBIGIOUS_IMPORTS_ON_THE_FLY" value="true" />
    <EXCLUDED_PACKAGE NAME="org.elasticsearch.index.mapper" />
  </component>
  <component name="JSCodeFoldingSettings">
    <option name="collapseOneLineFunctions" value="true" />
  </component>
  <component name="JavaCodeFoldingSettings">
    <option name="collapseEndOfLineComments" value="true" />
    <option name="collapseMultilineComments" value="true" />
  </component>
</application>