<application>
  <component name="FindSettings">
    <option name="customScope" value="All Places" />
    <option name="defaultScopeName" value="All Places" />
    <option name="localCaseSensitive" value="true" />
    <option name="localRegularExpressions" value="true" />
    <option name="searchOverloadedMethods" value="true" />
    <option name="showResultsInSeparateView" value="true" />
    <option name="skipResultsWithOneUsage" value="true" />
    <option name="SEARCH_OVERLOADED_METHODS" value="true" />
    <option name="SKIP_RESULTS_WHEN_ONE_USAGE" value="true" />
    <option name="LOCAL_CASE_SENSITIVE_SEARCH" value="true" />
    <option name="LOCAL_REGULAR_EXPRESSIONS" value="true" />
    <option name="SHOW_RESULTS_IN_SEPARATE_VIEW" value="true" />
    <option name="SEARCH_SCOPE" value="All Places" />
    <option name="FILE_MASK" value="*Test.java, *Test.kt, *Builder.kt, *Builder.java" />
    <mask>*.css</mask>
    <mask>*.html</mask>
    <mask>*.jsp</mask>
    <mask>*.properties</mask>
    <mask>*.java</mask>
    <mask>*.xml</mask>
    <mask>*.java, *.kt, *.js, *.ts</mask>
    <mask>*.js, *.ts</mask>
    <mask>*dao*, *eposit*, *ontroller*, *resource*</mask>
    <mask>*.js, *.ts, *.html, *.scss, *css</mask>
    <mask>*.scss, *css</mask>
    <mask>*.html, *.ts</mask>
    <mask>*.java, *.kt</mask>
    <mask>*Test.java, *Test.kt</mask>
    <mask>*Test.java, *Test.kt, *Builder.kt, *Builder.java</mask>
  </component>
</application>