<application>
  <component name="NotificationConfiguration">
    <notification groupId="Angular CLI" />
    <notification groupId="Dependencies from package.json" displayType="STICKY_BALLOON" />
    <notification groupId="Docker: Dockerfile detection" displayType="NONE" />
    <notification groupId="Find Problems" displayType="STICKY_BALLOON" />
    <notification groupId="Gradle Import" displayType="STICKY_BALLOON" />
    <notification groupId="Indexing" />
    <notification groupId="Maven Import" />
  </component>
</application>