<application>
  <component name="NodeJsLocalInterpreters">
    <local-interpreter path="/usr/local/bin/node">
      <version-cache version="10.15.3" last-modified="1555968510000" />
    </local-interpreter>
    <local-interpreter path="/usr/local/Cellar/node/12.3.1/bin/node">
      <version-cache version="12.3.1" last-modified="1559076694000" />
    </local-interpreter>
    <local-interpreter path="$USER_HOME$/.nvm/versions/node/v10.15.3/bin/node">
      <version-cache version="10.15.3" last-modified="1551798857000" />
    </local-interpreter>
    <local-interpreter path="$USER_HOME$/.nvm/versions/node/v8.16.0/bin/node">
      <version-cache version="8.16.0" last-modified="1555441057000" />
    </local-interpreter>
    <local-interpreter path="$USER_HOME$/.nvm/versions/node/v8.12.0/bin/node">
      <version-cache version="8.12.0" last-modified="1536605058000" />
    </local-interpreter>
  </component>
  <component name="NotRoamableUiSettings">
    <option name="fontFace" value=".SFNSText-Regular" />
  </component>
  <component name="OpenF">
    <option name="FILE_EXPLORER" value="konqueror" />
  </component>
  <component name="PropertiesComponent">
    <property name="BuildView.Splitter.Proportion" value="0.6020672" />
    <property name="CUSTOMIZE_ACTIONS" value="Back nav&#10;forward" />
    <property name="ColorChooser.RecentColors" value="181-107-0-255,,,176-0-181-255,,,26-22-19-255,,,163-193-170-255,,,218-190-228-255,,,197-87-168-255,,,47-141-254-255,,,35-170-254-255,,,206-81-163-255,,,101-81-255-255,,,0-0-0-255,,,148-130-255-255,,,0-91-23-255,,,0-111-28-255,,,251-206-146-255,,,227-171-88-255,,,255-201-252-255,,,0-153-39-255,,,0-175-45-255,,,0-199-51-255" />
    <property name="CommitChangeListDialog.DETAILS_SPLITTER_PROPORTION_2" value="0.62138367" />
    <property name="Copy.OpenInEditor" value="true" />
    <property name="DBE.Default.Dialect" value="PostgreSQL" />
    <property name="Default.SavedEditorTheme" value="_@user_Default" />
    <property name="ExpandBeforeRunStepsPanel" value="true" />
    <property name="ExpandRunDashboardTypesPanel" value="false" />
    <property name="ExternalToolDialog.advanced.expanded" value="true" />
    <property name="FileTemplates.CurrentTab" value="Other" />
    <property name="FileTemplates.SelectedTemplate" value="HTML File" />
    <property name="FrameworksFinderRecursivePanel[0]" value="0.147929" />
    <property name="GradleModuleWizard.inheritGroupId" value="true" />
    <property name="GradleModuleWizard.inheritVersion" value="true" />
    <property name="GradleSupport.showInternalTestNodes" value="false" />
    <property name="INSPECTION_FILTER_HISTORY" value="type arguments&#10;explicit type&#10;kotlin style type" />
    <property name="InstalledPluginsSearchHistory" value="angular&#10;angul&#10;ang&#10;a&#10;auto fold" />
    <property name="JSHintOptionsTreeView.TREE_SCROLL_BAR_HORIZONTAL" value="17" />
    <property name="JSHintOptionsTreeView.TREE_SCROLL_BAR_VERTICAL" value="0" />
    <property name="JSHintOptionsTreeView.TREE_SELECTED_NODE_ID" value="1" />
    <property name="JUnit.Splitter.Proportion" value="0.44164568" />
    <property name="JUnitSupport.hidePassedTests" value="false" />
    <property name="JUnitSupport.scrollToSource" value="true" />
    <property name="JUnitSupport.selectFirtsDefect" value="true" />
    <property name="KEYMAP" value="F11" />
    <property name="LAST_INJECTED_LANGUAGE" value="JSON" />
    <property name="LiveContextsPanel[0]" value="0.16542597" />
    <property name="LiveContextsPanel[1]" value="0.1984127" />
    <property name="LiveContextsPanel[2]" value="0.24783148" />
    <property name="MarketplacePluginsSearchHistory" value="angularjs&#10;angular&#10;ng&#10;n&#10;A" />
    <property name="MemberChooser.copyJavadoc" value="false" />
    <property name="MemberChooser.showClasses" value="true" />
    <property name="MultipleBuildsView.Splitter.Proportion" value="1.0" />
    <property name="SettingsSearchHistory" value="save&#10;optimize&#10;fold&#10;auto fold&#10;file type" />
    <property name="ShowDocumentationInToolWindow" value="false" />
    <property name="SplitFileEditor.Proportion" value="0.37194338" />
    <property name="SpringBeansModulesPanel[0]" value="0.28041238" />
    <property name="SpringBeansModulesPanel[1]" value="0.08219178" />
    <property name="SpringBeansModulesPanel[2]" value="0.374269" />
    <property name="SpringBeansModulesPanel[3]" value="0.41493776" />
    <property name="SpringMvcModulesPanel[0]" value="0.3671875" />
    <property name="SpringMvcModulesPanel[1]" value="0.18535681" />
    <property name="SqlStructureView.filterD.file.structure.state" value="true" />
    <property name="TestNG.Splitter.Proportion" value="0.47031432" />
    <property name="TestNGSupport.hideConfig" value="true" />
    <property name="TestNGSupport.hidePassedTests" value="false" />
    <property name="TrendingPluginsSearchHistory" value="spring&#10;spring boot configuration&#10;angularjs&#10;sonar&#10;tag:Languages" />
    <property name="build.toolwindow.Build Output.selection.state" value="com.intellij.build.BuildTreeConsoleView" />
    <property name="build.toolwindow.Sync.selection.state" value="com.intellij.build.BuildTreeConsoleView" />
    <property name="build.toolwindow.run.selection.state" value="com.intellij.build.BuildTreeConsoleView" />
    <property name="build.toolwindow.show.successful.steps.selection.state" value="true" />
    <property name="color.picker.is.hsb" value="true" />
    <property name="com.intellij.history.integration.ui.views.FileHistoryDialog.0" value="300" />
    <property name="com.intellij.history.integration.ui.views.FileHistoryDialog.1" value="800" />
    <property name="com.intellij.openapi.roots.ui.configuration.TabbedModuleEditor.selectedEditor" value="Sources" />
    <property name="com.intellij.remoteServer.impl.runtime.ui.ServersToolWindowContent:com.intellij.docker.view.DockerViewContribution.0" value="300" />
    <property name="create.project.preferred.importer" value="Maven" />
    <property name="debugger.kotlin.variable.view" value="true" />
    <property name="decompiler.legal.notice.accepted" value="true" />
    <property name="defaultJdkConfigured" value="true" />
    <property name="disable.forced.soft.wraps.notification" value="true" />
    <property name="es6.show.auto.import" value="true" />
    <property name="exception.accepted.notices" value="182193a2" />
    <property name="export.settings.path" value="$USER_HOME$/miscellany/IntelliJIdea2019.1_all_settings.zip" />
    <property name="favorites.view.settings.abbreviate.qualified.package.names" value="false" />
    <property name="favorites.view.settings.autoscroll.from.source" value="false" />
    <property name="favorites.view.settings.autoscroll.to.source" value="false" />
    <property name="favorites.view.settings.flatten.packages" value="false" />
    <property name="favorites.view.settings.hide.empty.middle.packages" value="true" />
    <property name="favorites.view.settings.show.members" value="true" />
    <property name="file.chooser.recent.files" value="$USER_HOME$/genesis-projects/data-ingestion&#10;/Users/nsolyntjes/genesis-projects/genesis-auto-tests&#10;/Users/nsolyntjes/genesis-projects&#10;/home" />
    <property name="file.gist.reindex.count" value="765164" />
    <property name="fileTypeChangedCounter" value="137" />
    <property name="ide.memory.adjusted" value="true" />
    <property name="installed.kotlin.plugin.version" value="1.3.50-release-IJ2019.2-1" />
    <property name="java.module.default.source.root" value="src" />
    <property name="jdk.selected.JAVA_MODULE" value="1.8" />
    <property name="js.overrides.completion" value="true" />
    <property name="js.var.names.completion" value="false" />
    <property name="js.var.names.completion.kind" value="NAMES_ONLY" />
    <property name="kotlin.lastUpdateCheck" value="1571421958063" />
    <property name="kotlin.plugin.releaseDate" value="1.3.50-release-IJ2019.2-1:2019-08-22" />
    <property name="last.imported.location" value="$USER_HOME$/miscellany/kotlin" />
    <property name="lastTip" value="67" />
    <property name="mt.showStatisticsAgreement" value="true" />
    <property name="org.intellij.images.editor.actions.BackgroundImageDialog#recent" value="$USER_HOME$/Pictures/siouxsie-2.jpg&#10;/Users/nsolyntjes/Pictures/screensaver/the-slits.Ari-Up.jpg" />
    <property name="packagesearch.endpoint.url.fulltext" value="https://package-search.services.jetbrains.com/api/search/idea/fulltext" />
    <property name="packagesearch.endpoint.url.suggest" value="https://package-search.services.jetbrains.com/api/search/idea/suggest" />
    <property name="packagesearch.status.updated.ts" value="1571329416780" />
    <property name="project.wizard.group" value="org.jetbrains.plugins.gradle.service.project.wizard.GradleModuleBuilder" />
    <property name="project.wizard.template" value="JVM | IDEA" />
    <property name="quick.doc.font.size" value="SMALL" />
    <property name="scala.last.updated" value="1571339768866" />
    <property name="selected.color.option.type" value="BASH.STRING" />
    <property name="settings.code.style.selected.tab.JAVA" value="Tabs and Indents" />
    <property name="settings.code.style.selected.tab.JavaScript" value="Imports" />
    <property name="settings.code.style.selected.tab.PHP" value="Code Conversion" />
    <property name="settings.code.style.selected.tab.SQL" value="Code Generation" />
    <property name="settings.code.style.selected.tab.TypeScript" value="Imports" />
    <property name="settings.code.style.selected.tab.kotlin" value="Wrapping and Braces" />
    <property name="structural.search.match.case" value="true" />
    <property name="structural.search.recursive" value="true" />
    <property name="tasks.pass.word.conversion.enforced" value="true" />
    <property name="ts.lib.d.ts.version" value="3.5.2" />
    <property name="typescript.show.auto.import" value="true" />
    <property name="vcs.history.diff.splitter.proportion" value="0.2453125" />
  </component>
  <component name="TeamCityHistory">
    <option name="HISTORY" value="http://build.virginpulse.com&amp;^%$#@nate.solyntjes@#$%^&amp;http://buildserver&amp;^%$#@nate.solyntjes@virginpulse.com" />
  </component>
  <component name="WebServicesPluginSettings" MemorySizeToLaunchVM="256" />
</application>