<application>
  <component name="MaterialThemeConfig">
    <option name="contrastMode" value="true" />
    <option name="highContrast" value="true" />
    <option name="highlightColorEnabled" value="true" />
    <option name="allowDataCollection" value="true" />
    <option name="compactSidebar" value="true" />
    <option name="isHighlightColorEnabled" value="true" />
    <option name="isContrastMode" value="true" />
    <option name="isHighContrast" value="true" />
    <option name="isWizardShown" value="true" />
    <option name="pristineConfig" value="false" />
    <option name="upperCaseButtons" value="false" />
    <option name="customSidebarHeight" value="20" />
    <option name="tabOpacity" value="54" />
    <option name="highlightThickness" value="3" />
    <option name="tabsHeight" value="25" />
    <option name="accentColor" value="ff79c5" />
    <option name="highlightColor" value="1be9c4" />
    <option name="selectedTheme" value="CUSTOM" />
    <option name="userId" value="-5b044d8a:16a930ee3c6:-7ff6" />
    <option name="version" value="5.2.0" />
    <option name="tabHighlightPosition" value="Full" />
  </component>
</application>